cancer_rate,avg_annual_count,five_year_trend,rural_rural,rural_urban,trend_,trend_falling,trend_rising,trend_stable
693.5,37,2.2,1,0,0,0,0,1
679.5,436,-0.3,1,0,0,0,0,1
655,55,1.7,1,0,0,0,0,1
653.1,21,0.7,1,0,0,0,0,1
634.5,28,1.3,1,0,0,0,0,1
626.5,52,2.5,1,0,0,0,1,0
626,19,9.5,1,0,0,0,1,0
625.3,21,3,1,0,0,0,1,0
621.1,12,2,1,0,0,0,0,1
609.3,6,-999,1,0,1,0,0,0
608.6,193,0.8,1,0,0,0,1,0
606.6,295,0,1,0,0,0,0,1
605.6,26,1.9,0,1,0,0,0,1
605.3,67,0.6,0,1,0,0,0,1
602.9,58,1.1,1,0,0,0,0,1
595.8,231,0.6,1,0,0,0,0,1
593.2,25,0.9,1,0,0,0,0,1
592.3,23,2.2,1,0,0,0,0,1
592.1,34,0.6,1,0,0,0,0,1
592.1,93,0.4,1,0,0,0,0,1
591,102,6.6,0,1,0,0,1,0
588.7,68,1.4,0,1,0,0,1,0
588.6,81,0.5,0,1,0,0,0,1
586.6,112,0.6,1,0,0,0,0,1
586.4,228,-0.6,0,1,0,0,0,1
585.8,16,9.4,0,1,0,0,1,0
585,130,-3.4,1,0,0,0,0,1
583.7,93,-0.3,1,0,0,0,0,1
583.1,149,0.7,1,0,0,0,0,1
582.3,50,1.1,1,0,0,0,0,1
580.9,72,0.7,1,0,0,0,0,1
580,74,-8.9,1,0,0,0,0,1
579.7,43,0.6,0,1,0,0,0,1
579.6,52,0.9,1,0,0,0,0,1
578.8,44,1,0,1,0,0,0,1
577.4,60,0.5,1,0,0,0,0,1
576.7,268,0.4,1,0,0,0,0,1
575.8,162,0.7,0,1,0,0,1,0
574.5,53,-0.3,1,0,0,0,0,1
572.1,282,0.9,0,1,0,0,1,0
571.9,9,-0.2,1,0,0,0,0,1
569.5,245,0.7,1,0,0,0,1,0
568.8,91,2,1,0,0,0,1,0
568.8,113,0.8,1,0,0,0,1,0
568,40,1.5,1,0,0,0,0,1
567.9,182,1.1,1,0,0,0,1,0
567,197,0.7,1,0,0,0,0,1
566,450,0.4,0,1,0,0,0,1
565.6,95,2.5,1,0,0,0,1,0
565.2,292,0.1,1,0,0,0,0,1
565.1,74,1.2,1,0,0,0,0,1
564.2,165,2,1,0,0,0,0,1
564.2,49,0.3,0,1,0,0,0,1
563.2,93,0.5,0,1,0,0,0,1
563,10,-0.2,1,0,0,0,0,1
561.3,88,0.9,1,0,0,0,0,1
560.8,89,1.2,0,1,0,0,0,1
560.2,266,0.9,1,0,0,0,1,0
559.5,172,0.9,0,1,0,0,0,1
558.5,102,2.7,1,0,0,0,1,0
558,137,0.4,1,0,0,0,0,1
557.7,121,1,1,0,0,0,0,1
556.9,16,1.6,1,0,0,0,0,1
556.8,565,0.8,0,1,0,0,1,0
556.6,4,3.1,1,0,0,0,0,1
555.8,202,0.8,0,1,0,0,1,0
555.1,138,0.2,1,0,0,0,0,1
554.9,170,2.2,0,1,0,0,1,0
554.9,100,0.3,1,0,0,0,0,1
554.9,38,0.9,1,0,0,0,0,1
554.3,106,0.6,1,0,0,0,0,1
553.7,810,-0.1,0,1,0,0,0,1
553.3,197,1.5,1,0,0,0,1,0
553.1,1804,-1.2,0,1,0,1,0,0
553,160,-0.2,1,0,0,0,0,1
552.8,281,5.8,1,0,0,0,0,1
552.7,182,-2.2,1,0,0,0,0,1
552.4,31,1.5,1,0,0,0,0,1
552.4,119,0.5,0,1,0,0,0,1
551.7,82,1.6,1,0,0,0,1,0
551.7,107,0.4,1,0,0,0,0,1
551.1,67,-0.1,0,1,0,0,0,1
551.1,117,0.1,0,1,0,0,0,1
550.7,450,0.2,1,0,0,0,0,1
550.2,147,0.2,0,1,0,0,0,1
550.1,44,0.8,1,0,0,0,0,1
550,129,0.3,0,1,0,0,0,1
549.7,45,3.3,1,0,0,0,1,0
549.5,112,-0.3,1,0,0,0,0,1
549.2,69,0.8,0,1,0,0,0,1
549,1642,0.1,0,1,0,0,0,1
548.5,71,0.8,0,1,0,0,0,1
548.5,109,0.1,1,0,0,0,0,1
548.3,77,1.3,0,1,0,0,0,1
548,143,0.5,1,0,0,0,0,1
547.7,137,-1.9,1,0,0,1,0,0
547.5,120,0.7,1,0,0,0,0,1
547.5,300,0.5,0,1,0,0,0,1
547.2,920,-0.7,0,1,0,1,0,0
547.2,147,1.5,1,0,0,0,1,0
546.9,43,1.4,1,0,0,0,1,0
546.5,51,3.7,1,0,0,0,1,0
546.3,72,2.1,1,0,0,0,1,0
546.2,112,0.3,0,1,0,0,0,1
546.1,9,0.6,1,0,0,0,0,1
545.7,818,-0.2,0,1,0,0,0,1
545.7,1414,0.3,0,1,0,0,0,1
545.6,13,12.3,1,0,0,0,1,0
545.2,38,0.3,0,1,0,0,0,1
545,171,0.5,1,0,0,0,0,1
544.7,87,1.4,1,0,0,0,1,0
544.6,95,0.3,1,0,0,0,0,1
544.4,357,0.4,0,1,0,0,0,1
544.3,226,0.2,0,1,0,0,0,1
544.3,486,1.1,1,0,0,0,0,1
544.2,49,1.3,1,0,0,0,0,1
543.9,186,0.5,1,0,0,0,0,1
543.9,84,0.4,1,0,0,0,0,1
543.8,121,3.6,1,0,0,0,1,0
543.8,140,2.5,1,0,0,0,1,0
543.5,261,-0.1,1,0,0,0,0,1
542.7,17,1.3,1,0,0,0,0,1
542.6,60,0.5,0,1,0,0,0,1
542.5,42,1.6,1,0,0,0,1,0
542.3,543,0.6,1,0,0,0,1,0
542,125,1,0,1,0,0,1,0
541.8,737,-3.8,0,1,0,0,0,1
541.8,318,0,0,1,0,0,0,1
541.7,15,2.6,0,1,0,0,1,0
541.6,54,4.2,1,0,0,0,1,0
541.5,153,0.6,1,0,0,0,0,1
541.3,148,0.9,1,0,0,0,0,1
541.3,18,0.1,1,0,0,0,0,1
541.2,116,0.5,1,0,0,0,0,1
541.1,106,0.4,0,1,0,0,0,1
541,308,0.3,1,0,0,0,0,1
540.9,57,0.5,1,0,0,0,0,1
540.8,205,0.5,1,0,0,0,0,1
540.1,357,1,0,1,0,0,1,0
539.7,125,1.3,1,0,0,0,1,0
539.3,73,0.5,1,0,0,0,0,1
539.3,51,1.2,1,0,0,0,0,1
538.7,228,0.4,1,0,0,0,0,1
538.2,68,3.5,1,0,0,0,1,0
538.2,670,0,0,1,0,0,0,1
538.1,198,0,1,0,0,0,0,1
538,44,0.1,1,0,0,0,0,1
537.7,100,1.1,0,1,0,0,0,1
537.6,363,0.4,0,1,0,0,0,1
537.5,129,0.6,1,0,0,0,0,1
537.4,121,9,1,0,0,0,1,0
537.2,351,0.8,1,0,0,0,0,1
537,87,0.3,1,0,0,0,0,1
537,373,0.3,0,1,0,0,0,1
536.9,103,-999,0,1,1,0,0,0
536.7,26,1.2,0,1,0,0,0,1
536.5,829,0.4,0,1,0,0,0,1
536.1,554,0.2,1,0,0,0,0,1
535.7,39,3.2,1,0,0,0,1,0
535.6,226,0.4,1,0,0,0,0,1
535.4,526,0.5,1,0,0,0,0,1
535.4,130,0.9,1,0,0,0,1,0
535.1,402,-0.3,0,1,0,0,0,1
535.1,136,0.4,1,0,0,0,0,1
534.9,667,0.2,0,1,0,0,0,1
534.7,116,0.8,0,1,0,0,0,1
534.6,24,-1.2,1,0,0,0,0,1
534.6,219,0.3,0,1,0,0,0,1
534.6,118,-0.4,1,0,0,0,0,1
534.6,145,0.3,1,0,0,0,0,1
534.5,151,0.5,1,0,0,0,0,1
534.3,97,0.2,1,0,0,0,0,1
534.3,105,-0.2,1,0,0,0,0,1
534.2,133,1.2,1,0,0,0,0,1
534.1,315,0.8,1,0,0,0,1,0
534.1,346,0.8,0,1,0,0,1,0
534,540,0.1,0,1,0,0,0,1
533.9,69,-1.2,0,1,0,1,0,0
533.7,92,0.4,1,0,0,0,0,1
533.7,1079,-0.1,0,1,0,0,0,1
533.5,144,0.9,0,1,0,0,1,0
533.4,1120,0.4,1,0,0,0,1,0
533.4,55,0.7,1,0,0,0,1,0
533.2,303,2.6,0,1,0,0,1,0
532.9,26,6.5,1,0,0,0,0,1
532.9,60,1.2,1,0,0,0,0,1
532.7,99,0.4,0,1,0,0,0,1
532.6,120,0.4,0,1,0,0,0,1
532.4,490,0,1,0,0,0,0,1
532.3,108,0.8,0,1,0,0,1,0
532.2,370,0.6,0,1,0,0,1,0
532.1,44,0.1,1,0,0,0,0,1
532,53,0.7,0,1,0,0,0,1
531.5,300,-0.1,0,1,0,0,0,1
531.5,345,0.3,1,0,0,0,0,1
531.5,304,0.6,1,0,0,0,0,1
531.4,195,0.3,1,0,0,0,0,1
531.2,288,0.2,1,0,0,0,0,1
531.1,183,0.7,0,1,0,0,0,1
531.1,181,0.9,1,0,0,0,0,1
531,1144,0,0,1,0,0,0,1
531,466,0.5,1,0,0,0,0,1
530.8,123,0.5,1,0,0,0,0,1
530.6,50,0.6,1,0,0,0,0,1
530.6,1962,-0.2,0,1,0,0,0,1
530.5,193,0.6,1,0,0,0,0,1
530.2,341,0.2,0,1,0,0,0,1
530,194,0.6,1,0,0,0,0,1
530,195,1.3,0,1,0,0,1,0
529.8,28,-0.2,1,0,0,0,0,1
529.8,142,-0.7,1,0,0,0,0,1
529.7,442,7.7,1,0,0,0,1,0
529.4,236,0.3,1,0,0,0,0,1
529.2,170,1.7,1,0,0,0,0,1
529.2,445,-0.1,1,0,0,0,0,1
529.1,77,1.1,1,0,0,0,0,1
528.9,110,4.6,0,1,0,0,1,0
528.9,148,-0.3,0,1,0,0,0,1
528.2,98,-3.4,1,0,0,0,0,1
527.8,466,-0.1,1,0,0,0,0,1
527.7,201,0.8,1,0,0,0,0,1
527.6,76,0.6,1,0,0,0,0,1
527.4,79,0.2,1,0,0,0,0,1
527.4,1094,0.6,0,1,0,0,0,1
527.2,43,-999,1,0,1,0,0,0
527.2,15,-0.5,1,0,0,0,0,1
527.1,93,4.4,1,0,0,0,1,0
526.9,16,-0.2,1,0,0,0,0,1
526.8,11,-0.2,1,0,0,0,0,1
526.8,117,1.5,1,0,0,0,1,0
526.6,1672,0.7,0,1,0,0,0,1
526.6,244,0.7,1,0,0,0,1,0
526.5,134,-0.6,0,1,0,0,0,1
526.5,80,0.6,1,0,0,0,0,1
526.4,173,0,1,0,0,0,0,1
526.4,62,0.9,1,0,0,0,0,1
526,47,1.2,1,0,0,0,0,1
525.9,13,1.7,1,0,0,0,0,1
525.7,79,0.9,1,0,0,0,1,0
525.7,448,0.3,0,1,0,0,0,1
525.7,33,0.1,1,0,0,0,0,1
525.7,40,1.1,1,0,0,0,0,1
525.4,77,1.3,0,1,0,0,1,0
525.1,3397,-0.3,0,1,0,0,0,1
525.1,188,-0.1,1,0,0,0,0,1
525,353,-0.1,1,0,0,0,0,1
524.7,69,0.3,1,0,0,0,0,1
524.6,60,1.2,0,1,0,0,0,1
524.6,258,0.1,1,0,0,0,0,1
524.5,93,0,1,0,0,0,0,1
524.4,399,0.1,1,0,0,0,0,1
524.3,4942,-0.4,0,1,0,1,0,0
523.8,127,0.2,1,0,0,0,0,1
523.7,148,0.8,0,1,0,0,0,1
523.5,440,0.5,1,0,0,0,0,1
523.4,262,0.8,1,0,0,0,0,1
523.3,108,-0.3,1,0,0,0,0,1
523.2,296,-1.4,1,0,0,1,0,0
523.2,100,0,1,0,0,0,0,1
522.8,61,0.7,1,0,0,0,0,1
522.8,111,0,1,0,0,0,0,1
522.7,70,6.7,1,0,0,0,0,1
522.6,106,0.1,0,1,0,0,0,1
522.5,206,0.7,1,0,0,0,0,1
522.3,168,0.5,0,1,0,0,0,1
522.3,78,0.3,1,0,0,0,0,1
522.2,751,0.8,0,1,0,0,0,1
522.2,493,1.8,0,1,0,0,1,0
522.2,241,0.3,1,0,0,0,0,1
522.2,104,0.1,1,0,0,0,0,1
522,1010,0.9,0,1,0,0,0,1
521.9,525,0.6,1,0,0,0,0,1
521.7,80,1.2,1,0,0,0,0,1
521.5,9,3.9,1,0,0,0,0,1
521.2,191,0.9,1,0,0,0,0,1
520.9,468,1,1,0,0,0,0,1
520.7,230,0.6,1,0,0,0,1,0
520.5,82,0.1,1,0,0,0,0,1
520.4,346,0.7,0,1,0,0,1,0
520.4,73,0.4,1,0,0,0,0,1
520.4,91,0.6,1,0,0,0,0,1
520.3,251,0.6,0,1,0,0,0,1
520.2,223,0.4,1,0,0,0,0,1
520,4499,0.4,0,1,0,0,0,1
519.7,434,0,1,0,0,0,0,1
519.6,75,0.2,1,0,0,0,0,1
519.6,269,2.4,1,0,0,0,1,0
519.5,622,0.3,0,1,0,0,0,1
519.3,1633,0.4,0,1,0,0,0,1
519,414,-0.7,1,0,0,0,0,1
519,193,0.4,1,0,0,0,0,1
518.9,269,-0.9,0,1,0,0,0,1
518.8,116,0.6,1,0,0,0,0,1
518.6,169,-6.1,1,0,0,0,0,1
518.5,71,1.3,1,0,0,0,0,1
518.5,295,0.4,1,0,0,0,0,1
518.5,74,0.2,1,0,0,0,0,1
518.5,838,0.2,0,1,0,0,0,1
518.4,33,0.4,1,0,0,0,0,1
518.3,191,0,1,0,0,0,0,1
518.3,8,-0.7,1,0,0,0,0,1
518.3,248,0,0,1,0,0,0,1
518.3,526,0,0,1,0,0,0,1
518.1,244,0,1,0,0,0,0,1
518.1,44,-0.4,1,0,0,0,0,1
518,215,3.6,1,0,0,0,1,0
518,120,0.1,1,0,0,0,0,1
517.7,109,0.5,1,0,0,0,0,1
517.6,468,2,1,0,0,0,1,0
517.1,69,0.2,1,0,0,0,0,1
517.1,310,-0.2,1,0,0,0,0,1
517,244,-0.3,1,0,0,0,0,1
516.9,145,0.2,1,0,0,0,0,1
516.9,146,0.5,1,0,0,0,0,1
516.8,6520,-0.6,0,1,0,1,0,0
516.6,138,1.2,1,0,0,0,0,1
516.6,812,0.1,0,1,0,0,0,1
516.5,157,0.5,0,1,0,0,0,1
516.5,243,1.1,1,0,0,0,1,0
516.5,123,3.3,1,0,0,0,1,0
516.4,29,0.6,1,0,0,0,0,1
516.3,501,0.6,0,1,0,0,0,1
516.3,161,-7.1,1,0,0,1,0,0
516.2,215,0.7,1,0,0,0,0,1
516,53,0.9,0,1,0,0,0,1
516,83,1.4,1,0,0,0,1,0
516,335,-4.1,1,0,0,0,0,1
516,965,-0.2,0,1,0,0,0,1
515.8,4219,-1,0,1,0,1,0,0
515.8,126,0.9,1,0,0,0,0,1
515.6,663,0,0,1,0,0,0,1
515.5,70,1.1,1,0,0,0,0,1
515.5,39,1.7,1,0,0,0,0,1
515.4,39,0,1,0,0,0,0,1
515.2,939,-1.1,1,0,0,0,0,1
515.1,155,0.6,0,1,0,0,0,1
515.1,130,-0.4,1,0,0,0,0,1
514.9,10153,-0.6,0,1,0,1,0,0
514.7,71,1,1,0,0,0,1,0
514.7,41,0.9,0,1,0,0,0,1
514.6,186,0,1,0,0,0,0,1
514.6,74,0.4,1,0,0,0,0,1
514.4,260,1.1,0,1,0,0,1,0
514.3,3256,-0.3,0,1,0,0,0,1
514.1,27,2.6,1,0,0,0,1,0
514.1,105,1.2,1,0,0,0,0,1
514.1,113,1.4,1,0,0,0,1,0
513.9,309,3.3,1,0,0,0,1,0
513.8,66,1.1,1,0,0,0,0,1
513.7,4580,-0.7,0,1,0,0,0,1
513.6,189,-0.6,0,1,0,0,0,1
513.6,179,0.1,0,1,0,0,0,1
513.6,146,0.3,1,0,0,0,0,1
513.5,27,16.2,1,0,0,0,1,0
513.5,203,0,1,0,0,0,0,1
513.1,109,0.5,1,0,0,0,0,1
513.1,270,0.4,1,0,0,0,0,1
513.1,254,0,1,0,0,0,0,1
513,1538,0.3,0,1,0,0,0,1
513,95,-0.1,0,1,0,0,0,1
512.9,306,0.5,0,1,0,0,0,1
512.8,1369,0.3,0,1,0,0,0,1
512.8,274,0.4,1,0,0,0,0,1
512.7,498,1.2,1,0,0,0,1,0
512.7,4896,-0.3,0,1,0,1,0,0
512.7,392,0.8,1,0,0,0,1,0
512.6,138,0,1,0,0,0,0,1
512.6,124,1,1,0,0,0,1,0
512.5,154,0.4,1,0,0,0,0,1
512.5,90,0.8,0,1,0,0,0,1
512.5,208,0.3,0,1,0,0,0,1
512.4,15,9.2,1,0,0,0,0,1
512.4,591,-0.2,0,1,0,0,0,1
512.3,69,0.6,1,0,0,0,0,1
512,594,0.8,0,1,0,0,1,0
511.8,122,-0.5,1,0,0,0,0,1
511.8,38,4.3,1,0,0,0,0,1
511.7,40,0.7,1,0,0,0,0,1
511.7,7,-999,1,0,1,0,0,0
511.7,187,1.9,0,1,0,0,1,0
511.6,43,0.2,1,0,0,0,0,1
511.5,24,2.1,1,0,0,0,0,1
511.4,102,1.3,1,0,0,0,0,1
511.4,58,0,1,0,0,0,0,1
511.2,681,0.7,1,0,0,0,1,0
511.2,53,0.5,1,0,0,0,0,1
511.1,7,0.9,1,0,0,0,0,1
511.1,89,0.2,1,0,0,0,0,1
510.9,593,-0.2,0,1,0,0,0,1
510.7,68,-0.2,1,0,0,0,0,1
510.7,132,0.1,0,1,0,0,0,1
510.7,210,0.8,0,1,0,0,0,1
510.7,207,0.6,1,0,0,0,0,1
510.6,41,-1.3,1,0,0,0,0,1
510.6,200,0.2,1,0,0,0,0,1
510.5,286,0.3,0,1,0,0,0,1
510.4,630,0,1,0,0,0,0,1
510.2,453,0.1,1,0,0,0,0,1
510,130,-0.1,0,1,0,0,0,1
510,1940,0.9,0,1,0,0,0,1
509.9,50,-0.1,1,0,0,0,0,1
509.9,188,0.8,1,0,0,0,1,0
509.7,284,0.3,1,0,0,0,0,1
509.6,4959,0.7,0,1,0,0,0,1
509.4,571,0.3,1,0,0,0,0,1
509.4,149,3.8,0,1,0,0,0,1
509.3,171,0,1,0,0,0,0,1
509.3,127,-6.5,1,0,0,0,0,1
509.3,131,-0.7,1,0,0,0,0,1
509.3,227,-1.3,1,0,0,1,0,0
509.2,519,0.7,1,0,0,0,0,1
509.1,221,4.3,1,0,0,0,1,0
509.1,107,3.8,1,0,0,0,1,0
509,626,0,0,1,0,0,0,1
508.9,182,0.2,0,1,0,0,0,1
508.9,102,0.7,0,1,0,0,0,1
508.9,605,0.1,0,1,0,0,0,1
508.9,202,0.2,0,1,0,0,0,1
508.9,156,0.4,0,1,0,0,0,1
508.8,249,0.3,1,0,0,0,0,1
508.8,417,-0.5,1,0,0,1,0,0
508.7,3075,-0.4,0,1,0,1,0,0
508.6,505,-0.4,1,0,0,0,0,1
508.6,3103,-0.1,0,1,0,0,0,1
508.6,179,-0.1,0,1,0,0,0,1
508.6,126,1.5,1,0,0,0,1,0
508.6,43,-0.4,0,1,0,0,0,1
508.4,225,0.6,1,0,0,0,1,0
508.4,2013,0.1,0,1,0,0,0,1
508.4,119,-0.9,1,0,0,1,0,0
508.3,6,-2.3,1,0,0,0,0,1
508.3,377,-0.5,1,0,0,0,0,1
508.1,191,0.8,1,0,0,0,0,1
508,100,1.1,1,0,0,0,0,1
507.9,31,1.1,1,0,0,0,0,1
507.8,517,0.3,1,0,0,0,0,1
507.8,2041,0.7,0,1,0,0,1,0
507.6,29,1.2,1,0,0,0,0,1
507.4,72,0.7,0,1,0,0,0,1
507.4,154,0.4,0,1,0,0,0,1
507.3,206,0.5,1,0,0,0,0,1
507.2,1086,0,0,1,0,0,0,1
507.1,556,0,1,0,0,0,0,1
507,325,0.9,1,0,0,0,1,0
506.9,438,-0.8,0,1,0,0,0,1
506.9,254,0.3,1,0,0,0,0,1
506.6,718,0.8,0,1,0,0,0,1
506.6,35,0.9,1,0,0,0,0,1
506.6,65,0.5,1,0,0,0,0,1
506.5,49,0.5,1,0,0,0,0,1
506.5,35,7.5,1,0,0,0,0,1
506.5,16,1.4,1,0,0,0,0,1
506.2,487,3.6,1,0,0,0,1,0
506.2,992,-0.5,0,1,0,1,0,0
506.2,290,-0.2,0,1,0,0,0,1
506.1,4894,-0.2,0,1,0,0,0,1
506.1,398,-0.6,1,0,0,0,0,1
506.1,60,1.6,1,0,0,0,1,0
506,187,1.3,1,0,0,0,1,0
506,107,-0.5,1,0,0,0,0,1
505.9,49,0.6,1,0,0,0,0,1
505.9,1391,0.3,0,1,0,0,0,1
505.9,73,0.1,1,0,0,0,0,1
505.9,263,-0.9,0,1,0,0,0,1
505.7,268,0.4,1,0,0,0,0,1
505.7,197,-0.2,0,1,0,0,0,1
505.6,627,0,0,1,0,0,0,1
505.5,30,0,1,0,0,0,0,1
505.5,79,0,0,1,0,0,0,1
505.4,347,-0.2,0,1,0,0,0,1
505.4,2284,0,0,1,0,0,0,1
505.4,164,1,1,0,0,0,1,0
505.4,178,0,0,1,0,0,0,1
505.3,165,0.2,0,1,0,0,0,1
505.3,2158,-0.8,0,1,0,1,0,0
505.3,20,1.2,1,0,0,0,0,1
505.2,314,0.1,0,1,0,0,0,1
505.2,126,0.2,0,1,0,0,0,1
505.1,47,7.4,1,0,0,0,1,0
505.1,96,1.1,1,0,0,0,0,1
505,54,-0.2,0,1,0,0,0,1
505,289,-0.1,1,0,0,0,0,1
504.9,116,0.1,1,0,0,0,0,1
504.9,29,-0.7,1,0,0,0,0,1
504.9,1173,0.1,0,1,0,0,0,1
504.8,153,0,0,1,0,0,0,1
504.8,81,3.9,0,1,0,0,1,0
504.7,1072,0.2,0,1,0,0,0,1
504.7,80,-0.7,1,0,0,0,0,1
504.6,1030,-4.7,0,1,0,1,0,0
504.5,240,0.6,1,0,0,0,0,1
504.5,105,-999,1,0,1,0,0,0
504.5,49,-0.4,1,0,0,0,0,1
504.5,244,0.1,1,0,0,0,0,1
504.4,1270,0.4,0,1,0,0,0,1
504.4,902,-0.4,0,1,0,0,0,1
504.3,234,1.5,0,1,0,0,1,0
504.3,145,0,0,1,0,0,0,1
504.3,1045,-0.9,0,1,0,1,0,0
504.2,158,-0.2,0,1,0,0,0,1
504.2,146,-0.1,0,1,0,0,0,1
504.1,89,0.8,1,0,0,0,0,1
504.1,54,0.5,1,0,0,0,0,1
504,376,-0.7,1,0,0,0,0,1
504,143,-0.4,1,0,0,0,0,1
504,1584,0.8,0,1,0,0,1,0
503.9,336,-0.2,0,1,0,0,0,1
503.9,94,4.5,1,0,0,0,0,1
503.9,105,1,1,0,0,0,0,1
503.8,205,0.4,1,0,0,0,0,1
503.7,4,-999,1,0,1,0,0,0
503.6,16,1.1,1,0,0,0,0,1
503.5,359,0.1,0,1,0,0,0,1
503.5,143,0.4,1,0,0,0,0,1
503.5,476,-1.9,1,0,0,0,0,1
503.4,115,-1.9,1,0,0,1,0,0
503.4,1315,-0.2,0,1,0,0,0,1
503.2,195,0.1,1,0,0,0,0,1
503.1,84,5.3,1,0,0,0,0,1
503.1,50,0.6,1,0,0,0,0,1
503.1,115,-0.3,1,0,0,0,0,1
502.9,1415,0.1,0,1,0,0,0,1
502.9,135,0.6,0,1,0,0,0,1
502.9,103,-0.1,1,0,0,0,0,1
502.9,224,4.4,0,1,0,0,1,0
502.8,43,0.4,1,0,0,0,0,1
502.7,149,3.9,1,0,0,0,1,0
502.6,184,0.6,0,1,0,0,0,1
502.6,46,0.2,1,0,0,0,0,1
502.5,198,-0.6,0,1,0,0,0,1
502.5,642,0.1,0,1,0,0,0,1
502.4,342,0.4,1,0,0,0,0,1
502.4,780,-0.3,0,1,0,0,0,1
502.3,64,0.1,1,0,0,0,0,1
502.3,91,0.4,1,0,0,0,0,1
502.2,385,-0.4,0,1,0,0,0,1
502.1,1138,0.9,1,0,0,0,1,0
502.1,70,1.1,1,0,0,0,0,1
502.1,244,0.4,0,1,0,0,0,1
502,347,3.8,0,1,0,0,1,0
502,214,4.5,1,0,0,0,0,1
501.9,71,0.1,1,0,0,0,0,1
501.8,694,-0.3,1,0,0,0,0,1
501.7,638,-2.8,0,1,0,0,0,1
501.6,207,0.5,0,1,0,0,0,1
501.6,252,0,0,1,0,0,0,1
501.6,121,-0.2,1,0,0,0,0,1
501.5,679,-0.4,1,0,0,0,0,1
501.5,77,0.4,1,0,0,0,0,1
501.4,248,0.1,1,0,0,0,0,1
501.4,73,0,1,0,0,0,0,1
501.4,1598,-0.3,0,1,0,0,0,1
501.4,52,0.7,1,0,0,0,0,1
501.3,90,0.3,0,1,0,0,0,1
501.3,90,0.9,1,0,0,0,0,1
501.3,180,0.5,1,0,0,0,0,1
501.2,111,-0.5,0,1,0,0,0,1
501.1,1728,0,0,1,0,0,0,1
501.1,717,0,1,0,0,0,0,1
501.1,757,-0.5,0,1,0,1,0,0
501,696,0.1,1,0,0,0,0,1
500.9,154,1.7,0,1,0,0,1,0
500.9,423,-0.3,0,1,0,0,0,1
500.9,76,0.4,1,0,0,0,0,1
500.8,1150,-0.4,0,1,0,1,0,0
500.7,99,1.3,1,0,0,0,0,1
500.7,33,1,1,0,0,0,0,1
500.6,70,0.1,1,0,0,0,0,1
500.6,194,0.3,0,1,0,0,0,1
500.6,109,0.1,1,0,0,0,0,1
500.6,521,0.4,1,0,0,0,0,1
500.5,262,-0.6,1,0,0,1,0,0
500.4,153,-0.2,1,0,0,0,0,1
500.3,461,0.4,1,0,0,0,0,1
500.3,569,-0.1,1,0,0,0,0,1
500.3,306,-0.4,1,0,0,0,0,1
500.2,361,-4.2,1,0,0,0,0,1
500.2,49,0.7,0,1,0,0,0,1
500.2,3050,-0.3,0,1,0,0,0,1
500.1,126,-1.5,0,1,0,0,0,1
500.1,286,0.8,1,0,0,0,0,1
500.1,58,-1.1,1,0,0,0,0,1
500,79,0.9,0,1,0,0,0,1
500,580,0.1,0,1,0,0,0,1
500,91,0.6,1,0,0,0,0,1
499.9,164,5.5,1,0,0,0,1,0
499.9,2318,-0.2,0,1,0,0,0,1
499.6,637,-0.2,0,1,0,0,0,1
499.5,374,-0.2,1,0,0,0,0,1
499.4,109,0.4,1,0,0,0,0,1
499.4,765,-0.2,0,1,0,0,0,1
499.4,90,0.6,1,0,0,0,0,1
499.4,250,-0.9,0,1,0,0,0,1
499.4,116,0.3,1,0,0,0,0,1
499.3,472,-0.1,0,1,0,0,0,1
499.3,37,0.8,1,0,0,0,0,1
499,645,-3.9,0,1,0,0,0,1
499,329,-0.3,0,1,0,0,0,1
499,262,0,1,0,0,0,0,1
499,71,0.4,0,1,0,0,0,1
499,350,0,0,1,0,0,0,1
498.9,123,1.1,1,0,0,0,0,1
498.9,204,0.1,1,0,0,0,0,1
498.9,111,-0.1,1,0,0,0,0,1
498.9,354,-0.2,0,1,0,0,0,1
498.8,5570,-0.7,0,1,0,1,0,0
498.8,752,-0.8,1,0,0,1,0,0
498.7,95,0.4,0,1,0,0,0,1
498.7,1681,-0.3,0,1,0,0,0,1
498.5,154,3.5,1,0,0,0,0,1
498.4,931,0.1,0,1,0,0,0,1
498.4,199,0.1,1,0,0,0,0,1
498.3,253,2.8,1,0,0,0,1,0
498.3,713,-2.9,0,1,0,0,0,1
498.3,159,-0.9,1,0,0,0,0,1
498.2,473,0.5,1,0,0,0,0,1
498.2,1129,-1.1,0,1,0,1,0,0
498.2,866,1.4,0,1,0,0,0,1
498.2,522,-0.3,1,0,0,0,0,1
498.1,235,0.5,1,0,0,0,0,1
498,48,0.6,1,0,0,0,0,1
497.9,107,-6.5,0,1,0,0,0,1
497.9,8108,-0.3,0,1,0,0,0,1
497.9,5064,0,0,1,0,0,0,1
497.9,338,-0.3,0,1,0,0,0,1
497.8,113,0.5,0,1,0,0,0,1
497.8,452,0.1,1,0,0,0,0,1
497.7,400,0.1,0,1,0,0,0,1
497.6,685,0.2,1,0,0,0,0,1
497.5,438,0,0,1,0,0,0,1
497.5,156,-2.3,1,0,0,1,0,0
497.5,742,0,0,1,0,0,0,1
497.4,171,-0.4,1,0,0,0,0,1
497.2,22,1.3,1,0,0,0,0,1
497.2,581,0.6,0,1,0,0,0,1
497,118,0.7,1,0,0,0,0,1
497,87,0.3,1,0,0,0,0,1
497,170,1.1,0,1,0,0,0,1
496.9,343,0.1,1,0,0,0,0,1
496.9,290,0,0,1,0,0,0,1
496.8,1105,0.3,0,1,0,0,0,1
496.8,71,-0.3,1,0,0,0,0,1
496.6,330,-0.3,1,0,0,0,0,1
496.6,73,0.7,1,0,0,0,0,1
496.5,13,-0.3,1,0,0,0,0,1
496.5,74,0.6,1,0,0,0,0,1
496.5,520,-0.3,0,1,0,0,0,1
496.5,173,-0.4,0,1,0,0,0,1
496.5,110,0.3,1,0,0,0,0,1
496.5,19,-0.4,0,1,0,0,0,1
496.3,121,0.7,0,1,0,0,0,1
496.3,1514,-0.1,0,1,0,0,0,1
496.2,268,0.2,1,0,0,0,0,1
496.2,690,-1.5,1,0,0,0,0,1
496.2,408,0,1,0,0,0,0,1
496.1,86,1.4,0,1,0,0,1,0
496,438,-2,0,1,0,1,0,0
495.9,671,-0.5,0,1,0,0,0,1
495.9,181,-0.1,1,0,0,0,0,1
495.9,31,0.4,1,0,0,0,0,1
495.8,252,0,1,0,0,0,0,1
495.8,282,0.4,1,0,0,0,0,1
495.8,64,-0.8,1,0,0,0,0,1
495.7,742,-0.1,0,1,0,0,0,1
495.7,166,0.5,1,0,0,0,0,1
495.7,22,0.5,1,0,0,0,0,1
495.7,501,-0.1,1,0,0,0,0,1
495.6,202,3.5,1,0,0,0,1,0
495.6,1128,0.3,0,1,0,0,0,1
495.6,977,0.2,0,1,0,0,0,1
495.5,127,-0.4,0,1,0,0,0,1
495.3,113,0.1,1,0,0,0,0,1
495.2,535,-0.2,1,0,0,0,0,1
495.2,1619,-2.6,0,1,0,1,0,0
495.2,3142,-0.5,0,1,0,1,0,0
495.1,427,-0.1,1,0,0,0,0,1
495.1,26,8.8,1,0,0,0,1,0
495,88,0,1,0,0,0,0,1
494.9,571,0,0,1,0,0,0,1
494.9,7875,0.1,0,1,0,0,0,1
494.9,717,0.7,0,1,0,0,0,1
494.6,95,0.5,1,0,0,0,0,1
494.5,85,0.2,1,0,0,0,0,1
494.4,2047,-0.1,0,1,0,0,0,1
494.3,153,-0.5,0,1,0,0,0,1
494.1,2783,1.1,0,1,0,0,1,0
494.1,50,-0.1,1,0,0,0,0,1
494.1,1374,0.1,0,1,0,0,0,1
494,223,-0.2,1,0,0,0,0,1
494,175,0.4,1,0,0,0,0,1
494,167,-999,1,0,1,0,0,0
493.9,301,-0.6,1,0,0,0,0,1
493.9,1551,-0.4,0,1,0,1,0,0
493.9,222,-0.2,0,1,0,0,0,1
493.8,98,0.2,0,1,0,0,0,1
493.8,133,-0.1,1,0,0,0,0,1
493.8,684,-0.1,0,1,0,0,0,1
493.8,179,0.2,1,0,0,0,0,1
493.7,354,0.2,0,1,0,0,0,1
493.6,4800,-0.6,0,1,0,1,0,0
493.5,942,-0.9,0,1,0,0,0,1
493.5,58,0.7,1,0,0,0,0,1
493.3,149,0.7,0,1,0,0,0,1
493.3,65,-0.6,1,0,0,0,0,1
493.3,413,0.3,1,0,0,0,0,1
493.3,1115,0,0,1,0,0,0,1
493.2,397,0.3,0,1,0,0,0,1
493.2,281,0.1,1,0,0,0,0,1
493.2,733,2.4,0,1,0,0,1,0
493.1,343,0.4,1,0,0,0,0,1
493.1,1000,-0.1,0,1,0,0,0,1
493.1,401,0,1,0,0,0,0,1
493.1,331,-0.6,1,0,0,0,0,1
493,1290,-2.1,0,1,0,0,0,1
492.9,91,-1.6,1,0,0,0,0,1
492.9,142,0.6,0,1,0,0,0,1
492.7,1014,0.2,0,1,0,0,0,1
492.7,180,0.8,1,0,0,0,0,1
492.6,303,-0.4,0,1,0,0,0,1
492.6,192,0.5,1,0,0,0,0,1
492.5,204,2,1,0,0,0,0,1
492.5,240,0.3,1,0,0,0,0,1
492.5,107,-1,1,0,0,0,0,1
492.4,307,-1.1,0,1,0,0,0,1
492.4,271,1.9,1,0,0,0,1,0
492.4,105,0.7,1,0,0,0,0,1
492.3,104,0.1,1,0,0,0,0,1
492.3,232,3,0,1,0,0,1,0
492.3,919,0.4,0,1,0,0,0,1
492.3,8999,-0.7,0,1,0,1,0,0
492.3,128,-0.4,1,0,0,0,0,1
492.2,72,0.2,1,0,0,0,0,1
492.1,1015,-0.5,1,0,0,1,0,0
492.1,124,-0.3,1,0,0,0,0,1
492.1,171,0.1,0,1,0,0,0,1
492,507,-0.5,1,0,0,1,0,0
491.9,50,0.3,1,0,0,0,0,1
491.9,144,-1.6,1,0,0,1,0,0
491.9,154,-0.4,1,0,0,0,0,1
491.8,269,1.4,1,0,0,0,1,0
491.6,34,0.8,1,0,0,0,0,1
491.6,9,-0.2,1,0,0,0,0,1
491.5,148,-0.1,0,1,0,0,0,1
491.5,53,0.4,1,0,0,0,0,1
491.5,241,0.4,1,0,0,0,0,1
491.4,798,-0.2,0,1,0,0,0,1
491.4,149,1.3,0,1,0,0,1,0
491.3,251,0,1,0,0,0,0,1
491.3,358,0,1,0,0,0,0,1
491.2,751,-0.2,0,1,0,0,0,1
491.2,234,1.1,1,0,0,0,1,0
491.1,72,0.3,1,0,0,0,0,1
491.1,266,1.5,0,1,0,0,0,1
491.1,897,0,0,1,0,0,0,1
491,68,0.7,1,0,0,0,0,1
490.8,194,0.1,1,0,0,0,0,1
490.8,26,0.4,1,0,0,0,0,1
490.7,484,-0.3,0,1,0,0,0,1
490.7,20,-0.3,1,0,0,0,0,1
490.7,194,0,1,0,0,0,0,1
490.6,2531,0,0,1,0,0,0,1
490.6,152,0.1,1,0,0,0,0,1
490.6,5592,-0.6,0,1,0,1,0,0
490.5,57,0.2,1,0,0,0,0,1
490.5,473,-0.3,0,1,0,0,0,1
490.4,378,0.6,1,0,0,0,0,1
490.4,382,-2.3,1,0,0,1,0,0
490.4,1321,-0.1,0,1,0,0,0,1
490.3,105,0.2,1,0,0,0,0,1
490.2,649,0.4,1,0,0,0,0,1
490.2,149,-0.2,0,1,0,0,0,1
490.2,142,0,1,0,0,0,0,1
490,68,0.5,1,0,0,0,0,1
490,106,-0.3,0,1,0,0,0,1
490,8,31.9,1,0,0,0,1,0
489.9,165,-0.1,1,0,0,0,0,1
489.9,84,1.4,1,0,0,0,1,0
489.8,1285,-0.7,0,1,0,1,0,0
489.8,970,0.2,0,1,0,0,0,1
489.7,860,2.8,0,1,0,0,0,1
489.7,69,0,1,0,0,0,0,1
489.7,27,1.6,0,1,0,0,0,1
489.7,286,0.1,1,0,0,0,0,1
489.7,559,-0.4,1,0,0,1,0,0
489.6,597,1.7,0,1,0,0,0,1
489.6,1136,0.4,0,1,0,0,0,1
489.6,87,0,0,1,0,0,0,1
489.5,162,-0.1,1,0,0,0,0,1
489.5,2449,1,0,1,0,0,0,1
489.4,189,3.7,0,1,0,0,0,1
489.2,865,0,0,1,0,0,0,1
489.2,112,2.5,0,1,0,0,1,0
489.2,892,-0.7,0,1,0,1,0,0
489.2,332,0.3,1,0,0,0,0,1
489.1,1196,0,0,1,0,0,0,1
489.1,199,-0.3,1,0,0,0,0,1
489.1,135,-999,0,1,1,0,0,0
488.9,126,0.4,1,0,0,0,0,1
488.9,410,-0.1,0,1,0,0,0,1
488.9,658,0,0,1,0,0,0,1
488.8,146,0.6,1,0,0,0,0,1
488.8,441,-3.7,0,1,0,1,0,0
488.6,296,-0.1,1,0,0,0,0,1
488.6,158,0.2,1,0,0,0,0,1
488.5,27,-0.4,1,0,0,0,0,1
488.5,33,0.5,1,0,0,0,0,1
488.5,295,-0.1,0,1,0,0,0,1
488.5,1624,0.1,0,1,0,0,0,1
488.4,315,0,1,0,0,0,0,1
488.4,324,-1.5,1,0,0,1,0,0
488.4,234,-0.3,0,1,0,0,0,1
488.3,57,1,1,0,0,0,0,1
488.3,159,0.4,1,0,0,0,0,1
488.2,455,-0.3,0,1,0,0,0,1
488.2,249,-0.9,1,0,0,1,0,0
488.2,405,-0.1,1,0,0,0,0,1
488.2,648,-0.8,0,1,0,1,0,0
488.1,267,-0.6,1,0,0,0,0,1
488.1,99,-0.7,1,0,0,0,0,1
488,1115,0.1,0,1,0,0,0,1
488,65,0.1,1,0,0,0,0,1
487.9,1242,0.3,0,1,0,0,0,1
487.9,675,-2.6,1,0,0,0,0,1
487.9,438,-0.4,0,1,0,0,0,1
487.8,178,-4.1,0,1,0,0,0,1
487.8,162,2.1,0,1,0,0,0,1
487.7,151,1.9,1,0,0,0,0,1
487.7,31,-2.2,1,0,0,1,0,0
487.6,26,1.2,1,0,0,0,0,1
487.6,2031,0.5,0,1,0,0,0,1
487.6,171,-0.1,1,0,0,0,0,1
487.5,773,-0.6,0,1,0,0,0,1
487.5,182,0.4,0,1,0,0,0,1
487.4,291,0.1,1,0,0,0,0,1
487.4,3387,0.9,0,1,0,0,1,0
487.3,50,0.4,1,0,0,0,0,1
487.3,92,0,1,0,0,0,0,1
487.2,1165,-3,0,1,0,1,0,0
487.2,167,-0.1,1,0,0,0,0,1
487,352,0.5,1,0,0,0,0,1
487,33,1.2,1,0,0,0,0,1
487,56,-0.1,1,0,0,0,0,1
486.9,244,-0.5,1,0,0,0,0,1
486.8,248,0.4,1,0,0,0,0,1
486.7,150,2.7,1,0,0,0,1,0
486.7,83,-0.5,1,0,0,0,0,1
486.6,4441,0.7,0,1,0,0,0,1
486.6,177,0,1,0,0,0,0,1
486.5,1810,-0.7,0,1,0,1,0,0
486.5,251,0,1,0,0,0,0,1
486.4,218,2.4,1,0,0,0,0,1
486.3,1728,0,0,1,0,0,0,1
486.3,701,-0.2,1,0,0,0,0,1
486.3,734,-0.2,0,1,0,0,0,1
486.2,76,1.4,1,0,0,0,1,0
486.2,60,7.5,1,0,0,0,1,0
486.1,149,-0.6,1,0,0,0,0,1
486.1,269,-0.1,1,0,0,0,0,1
486.1,167,-5,1,0,0,0,0,1
486.1,630,1.3,0,1,0,0,1,0
486.1,124,-0.3,1,0,0,0,0,1
486.1,193,0,0,1,0,0,0,1
486,330,0,1,0,0,0,0,1
486,902,-0.3,0,1,0,0,0,1
486,276,-0.2,1,0,0,0,0,1
485.9,99,0.5,1,0,0,0,0,1
485.9,136,-1.5,0,1,0,1,0,0
485.8,210,1,1,0,0,0,1,0
485.7,152,2.1,1,0,0,0,0,1
485.6,588,-0.1,0,1,0,0,0,1
485.5,2942,-1.3,0,1,0,1,0,0
485.5,257,0.7,1,0,0,0,0,1
485.5,82,-0.5,1,0,0,0,0,1
485.5,516,0.3,0,1,0,0,0,1
485.5,59,2.8,1,0,0,0,0,1
485.5,83,0,1,0,0,0,0,1
485.4,233,0.2,0,1,0,0,0,1
485.4,7,2.5,1,0,0,0,1,0
485.4,275,-0.1,1,0,0,0,0,1
485.3,236,-8.5,1,0,0,1,0,0
485.3,226,-2.4,1,0,0,1,0,0
485.3,313,-4.5,1,0,0,1,0,0
485.3,87,0.3,1,0,0,0,0,1
485.2,1195,-0.5,0,1,0,0,0,1
485.2,245,-0.2,1,0,0,0,0,1
485.2,104,-0.2,0,1,0,0,0,1
485.1,622,-0.8,0,1,0,0,0,1
485.1,925,-1,0,1,0,1,0,0
485.1,37,-0.9,1,0,0,0,0,1
485.1,925,-1.1,0,1,0,1,0,0
485.1,464,0.3,0,1,0,0,0,1
485,231,0.4,1,0,0,0,0,1
485,505,0.6,1,0,0,0,0,1
484.9,194,0.6,0,1,0,0,1,0
484.8,33,1.3,1,0,0,0,0,1
484.8,228,0.2,0,1,0,0,0,1
484.7,391,1.1,0,1,0,0,1,0
484.7,224,0,0,1,0,0,0,1
484.7,181,-0.2,1,0,0,0,0,1
484.6,155,0.5,0,1,0,0,0,1
484.6,217,-0.6,1,0,0,0,0,1
484.5,58,0.6,0,1,0,0,0,1
484.5,821,1.5,0,1,0,0,1,0
484.5,210,-0.1,1,0,0,0,0,1
484.4,264,0.6,0,1,0,0,0,1
484.4,1407,0.3,0,1,0,0,0,1
484.2,5,1.9,1,0,0,0,0,1
484.1,469,-0.3,1,0,0,0,0,1
484.1,311,-0.4,1,0,0,0,0,1
484,242,-0.3,1,0,0,0,0,1
484,89,0.5,1,0,0,0,0,1
484,323,0.1,1,0,0,0,0,1
483.9,110,0.4,1,0,0,0,0,1
483.9,114,0.4,1,0,0,0,0,1
483.8,150,-0.2,1,0,0,0,0,1
483.8,1273,-0.2,0,1,0,0,0,1
483.8,279,-0.2,0,1,0,0,0,1
483.7,594,0.2,0,1,0,0,0,1
483.7,36,0.6,1,0,0,0,0,1
483.6,89,0.3,1,0,0,0,0,1
483.6,114,-0.4,1,0,0,0,0,1
483.5,212,-0.3,1,0,0,0,0,1
483.4,104,-0.9,1,0,0,0,0,1
483.3,242,0.2,1,0,0,0,0,1
483.2,1320,-0.3,0,1,0,0,0,1
483.1,301,0.6,1,0,0,0,1,0
483.1,280,0.5,1,0,0,0,0,1
483,53,1.3,1,0,0,0,1,0
483,1595,-0.2,0,1,0,0,0,1
483,231,0.4,1,0,0,0,0,1
483,1210,-0.1,0,1,0,0,0,1
482.9,326,-0.3,1,0,0,0,0,1
482.9,1496,-0.7,0,1,0,1,0,0
482.8,202,-0.3,1,0,0,0,0,1
482.8,203,1.8,0,1,0,0,0,1
482.7,1104,-0.5,0,1,0,1,0,0
482.7,37,-0.9,1,0,0,0,0,1
482.7,75,0.3,1,0,0,0,0,1
482.7,327,-0.4,1,0,0,0,0,1
482.6,95,0.4,1,0,0,0,0,1
482.6,47,1.7,1,0,0,0,1,0
482.6,159,-3.2,1,0,0,0,0,1
482.6,22,0.3,1,0,0,0,0,1
482.5,309,-0.2,0,1,0,0,0,1
482.5,52,-0.5,1,0,0,0,0,1
482.2,1447,-0.3,0,1,0,0,0,1
482.2,321,1.2,1,0,0,0,1,0
482.2,216,-0.2,1,0,0,0,0,1
482.1,67,0.8,1,0,0,0,0,1
482.1,150,0.9,1,0,0,0,0,1
482.1,1723,-0.2,0,1,0,0,0,1
482.1,4801,0.9,0,1,0,0,0,1
481.9,197,-0.1,1,0,0,0,0,1
481.9,483,-3.5,1,0,0,1,0,0
481.9,94,-0.5,0,1,0,0,0,1
481.8,1472,-0.4,0,1,0,1,0,0
481.7,248,1.8,1,0,0,0,0,1
481.7,421,0.2,0,1,0,0,0,1
481.6,253,1.1,1,0,0,0,1,0
481.6,131,0.6,0,1,0,0,0,1
481.5,594,-0.6,0,1,0,1,0,0
481.5,256,-0.2,1,0,0,0,0,1
481.4,286,-0.7,1,0,0,0,0,1
481.3,880,-0.1,0,1,0,0,0,1
481.2,256,0.5,1,0,0,0,0,1
481.1,46,0.8,1,0,0,0,0,1
481.1,44,0.5,1,0,0,0,0,1
481.1,121,0.2,1,0,0,0,0,1
481,250,-0.4,1,0,0,0,0,1
481,117,-0.4,1,0,0,0,0,1
480.9,275,-0.3,1,0,0,0,0,1
480.9,127,1,1,0,0,0,0,1
480.8,1524,-0.5,0,1,0,1,0,0
480.8,4382,-0.5,0,1,0,0,0,1
480.7,281,-0.1,0,1,0,0,0,1
480.7,62,-5.2,0,1,0,0,0,1
480.6,246,-1,1,0,0,1,0,0
480.6,593,-0.4,0,1,0,1,0,0
480.6,343,1.2,1,0,0,0,1,0
480.5,39,0.3,1,0,0,0,0,1
480.5,378,1.7,1,0,0,0,1,0
480.5,3002,-0.6,0,1,0,1,0,0
480.5,146,0.5,0,1,0,0,0,1
480.5,547,3.5,0,1,0,0,0,1
480.4,84,0.6,1,0,0,0,0,1
480.4,1334,-0.2,0,1,0,0,0,1
480.4,182,0.1,0,1,0,0,0,1
480.4,1761,0.4,0,1,0,0,0,1
480.3,86,0.8,1,0,0,0,1,0
480.3,1150,0,0,1,0,0,0,1
480.3,239,0.2,1,0,0,0,0,1
480.2,229,0,1,0,0,0,0,1
480.2,326,-1.7,0,1,0,1,0,0
480.1,360,0.3,1,0,0,0,0,1
480.1,61,0.6,1,0,0,0,0,1
480.1,7,-999,1,0,1,0,0,0
480,621,0.1,0,1,0,0,0,1
480,297,0.1,1,0,0,0,0,1
479.9,228,-0.4,1,0,0,0,0,1
479.9,74,-0.9,1,0,0,0,0,1
479.9,5234,0.1,0,1,0,0,0,1
479.8,92,7.9,0,1,0,0,1,0
479.8,334,-0.1,0,1,0,0,0,1
479.7,392,0,1,0,0,0,0,1
479.6,128,0.2,0,1,0,0,0,1
479.6,549,-0.8,1,0,0,1,0,0
479.6,150,3.3,0,1,0,0,1,0
479.6,761,-0.2,0,1,0,0,0,1
479.5,698,-0.1,0,1,0,0,0,1
479.5,54,-2.6,1,0,0,0,0,1
479.5,55,-0.2,1,0,0,0,0,1
479.4,574,-0.2,0,1,0,0,0,1
479.4,1173,-0.3,0,1,0,0,0,1
479.4,124,-0.1,0,1,0,0,0,1
479.4,1792,1.6,0,1,0,0,1,0
479.3,225,-0.3,0,1,0,0,0,1
479.3,922,-0.8,0,1,0,1,0,0
479.3,97,-0.2,1,0,0,0,0,1
479.3,227,0.1,1,0,0,0,0,1
479.3,54,0.4,1,0,0,0,0,1
479.2,3230,-0.4,0,1,0,0,0,1
479.2,39,-0.2,0,1,0,0,0,1
479.1,206,-1,0,1,0,0,0,1
479.1,210,0.3,1,0,0,0,0,1
479,417,-0.1,1,0,0,0,0,1
478.9,147,0.1,1,0,0,0,0,1
478.9,39,0.9,1,0,0,0,0,1
478.9,181,0.2,1,0,0,0,0,1
478.9,92,1.3,1,0,0,0,0,1
478.8,117,0.7,1,0,0,0,0,1
478.8,56,-0.3,1,0,0,0,0,1
478.8,82,0,1,0,0,0,0,1
478.8,138,-0.1,1,0,0,0,0,1
478.8,501,0.2,0,1,0,0,0,1
478.7,115,-0.9,0,1,0,0,0,1
478.6,935,0.8,0,1,0,0,1,0
478.6,57,1.6,1,0,0,0,1,0
478.5,37,-0.2,0,1,0,0,0,1
478.5,10218,-1.4,0,1,0,1,0,0
478.4,238,-5.3,1,0,0,1,0,0
478.4,1632,-0.7,0,1,0,1,0,0
478.3,359,0.8,1,0,0,0,0,1
478.1,27,0.3,1,0,0,0,0,1
478.1,112,0,0,1,0,0,0,1
478.1,141,-0.7,1,0,0,0,0,1
478.1,129,-0.1,1,0,0,0,0,1
477.9,200,0.8,1,0,0,0,0,1
477.9,55,0.2,1,0,0,0,0,1
477.7,30,2.6,1,0,0,0,1,0
477.7,137,-1.1,1,0,0,0,0,1
477.6,1121,-0.1,0,1,0,0,0,1
477.5,114,2.7,1,0,0,0,0,1
477.5,323,0,1,0,0,0,0,1
477.5,18,-0.7,1,0,0,0,0,1
477.4,874,-0.1,0,1,0,0,0,1
477.4,340,-4.9,1,0,0,0,0,1
477.4,41,0.5,1,0,0,0,0,1
477.4,104,-0.1,1,0,0,0,0,1
477.4,157,0.1,1,0,0,0,0,1
477.4,12,-0.8,1,0,0,0,0,1
477.3,365,0.8,0,1,0,0,1,0
477.3,702,0.2,0,1,0,0,0,1
477.3,444,-2.2,1,0,0,1,0,0
477.2,248,0.3,1,0,0,0,0,1
477.2,30,-0.5,1,0,0,0,0,1
477.2,683,-0.5,0,1,0,1,0,0
477.1,112,-0.1,1,0,0,0,0,1
477.1,2531,-0.3,0,1,0,0,0,1
477,149,0.1,1,0,0,0,0,1
477,71,0,1,0,0,0,0,1
476.9,123,0.2,1,0,0,0,0,1
476.9,106,0.5,0,1,0,0,0,1
476.7,96,0.9,1,0,0,0,0,1
476.7,122,-1.6,1,0,0,1,0,0
476.6,180,-0.2,0,1,0,0,0,1
476.6,847,1,0,1,0,0,0,1
476.6,273,0,1,0,0,0,0,1
476.5,68,1.4,1,0,0,0,0,1
476.5,3415,-0.9,0,1,0,1,0,0
476.5,182,-7.9,1,0,0,0,0,1
476.4,8023,-0.3,0,1,0,0,0,1
476.4,448,-0.3,0,1,0,0,0,1
476.3,1093,-0.2,0,1,0,0,0,1
476.3,149,0.2,1,0,0,0,0,1
476.3,1135,-1,0,1,0,1,0,0
476.2,197,-0.8,1,0,0,0,0,1
476.2,145,0.2,1,0,0,0,0,1
476.2,520,-0.3,1,0,0,0,0,1
476.1,317,-5.7,0,1,0,0,0,1
476.1,385,0.1,0,1,0,0,0,1
476,58,0.1,1,0,0,0,0,1
476,62,0.3,1,0,0,0,0,1
476,542,-0.4,1,0,0,0,0,1
475.8,227,0.4,1,0,0,0,0,1
475.8,1326,0.5,0,1,0,0,0,1
475.7,43,0,1,0,0,0,0,1
475.7,188,0,0,1,0,0,0,1
475.7,809,0.5,0,1,0,0,0,1
475.7,1257,-0.4,0,1,0,1,0,0
475.7,109,-0.5,1,0,0,0,0,1
475.7,2589,-0.2,0,1,0,0,0,1
475.6,299,-0.2,1,0,0,0,0,1
475.6,599,-0.1,0,1,0,0,0,1
475.6,2079,-2.9,0,1,0,1,0,0
475.6,11,0.2,1,0,0,0,0,1
475.5,51,0.4,1,0,0,0,0,1
475.5,64,0.1,1,0,0,0,0,1
475.4,215,2,1,0,0,0,0,1
475.4,673,-0.4,0,1,0,0,0,1
475.3,990,-0.6,0,1,0,1,0,0
475.3,376,0.1,1,0,0,0,0,1
475.3,2354,-0.3,0,1,0,0,0,1
475.2,1061,-0.1,0,1,0,0,0,1
475.2,1723,2.5,0,1,0,0,0,1
475,273,-0.2,0,1,0,0,0,1
475,288,1.2,0,1,0,0,0,1
475,153,-0.3,1,0,0,0,0,1
475,89,0.6,1,0,0,0,1,0
474.9,215,-0.1,0,1,0,0,0,1
474.9,40,-0.3,1,0,0,0,0,1
474.8,1551,0.1,0,1,0,0,0,1
474.8,13,-1,1,0,0,0,0,1
474.8,122,0.8,0,1,0,0,0,1
474.7,94,-0.2,1,0,0,0,0,1
474.7,371,0,0,1,0,0,0,1
474.7,339,0.9,1,0,0,0,1,0
474.7,106,-7.7,1,0,0,0,0,1
474.6,78,-0.4,1,0,0,0,0,1
474.6,247,0.3,0,1,0,0,0,1
474.6,502,0.1,0,1,0,0,0,1
474.6,417,-0.5,1,0,0,0,0,1
474.6,313,0.5,0,1,0,0,0,1
474.5,115,-0.1,1,0,0,0,0,1
474.5,2181,-0.6,0,1,0,1,0,0
474.5,87,-8.9,1,0,0,1,0,0
474.5,93,-0.1,1,0,0,0,0,1
474.4,152,-0.1,0,1,0,0,0,1
474.4,1196,-0.1,0,1,0,0,0,1
474.4,158,1.9,1,0,0,0,1,0
474.4,290,0.1,1,0,0,0,0,1
474.4,197,0.2,0,1,0,0,0,1
474.4,154,0,1,0,0,0,0,1
474.3,465,-2.7,1,0,0,0,0,1
474.2,48,-1,1,0,0,0,0,1
474.2,256,-0.4,1,0,0,0,0,1
474.1,81,-0.6,1,0,0,0,0,1
474.1,346,-0.5,1,0,0,1,0,0
474.1,225,0.5,0,1,0,0,0,1
474.1,23,-0.4,1,0,0,0,0,1
474,379,-0.3,1,0,0,0,0,1
473.9,168,-999,1,0,1,0,0,0
473.9,89,-0.6,1,0,0,0,0,1
473.8,115,-1.9,1,0,0,1,0,0
473.8,129,0,1,0,0,0,0,1
473.8,464,0.4,0,1,0,0,0,1
473.7,132,3,1,0,0,0,1,0
473.7,92,-0.5,1,0,0,0,0,1
473.7,1473,-0.2,0,1,0,0,0,1
473.7,101,-1.1,1,0,0,0,0,1
473.7,1152,-0.5,0,1,0,1,0,0
473.5,89,1.5,1,0,0,0,0,1
473.5,244,0,0,1,0,0,0,1
473.5,677,0.2,0,1,0,0,0,1
473.4,141,1.3,1,0,0,0,1,0
473.3,2919,-0.2,0,1,0,0,0,1
473.1,245,-0.3,0,1,0,0,0,1
473.1,40,0.5,1,0,0,0,0,1
473.1,161,0.5,0,1,0,0,0,1
473,154,-0.4,1,0,0,0,0,1
473,257,0.4,1,0,0,0,0,1
473,139,0.5,1,0,0,0,0,1
472.8,321,-0.1,1,0,0,0,0,1
472.8,172,-0.1,1,0,0,0,0,1
472.8,213,0,1,0,0,0,0,1
472.8,5258,0.5,0,1,0,0,0,1
472.8,477,0.2,0,1,0,0,0,1
472.6,592,0,0,1,0,0,0,1
472.6,127,-1.8,0,1,0,1,0,0
472.6,232,-0.5,1,0,0,0,0,1
472.6,645,-0.9,1,0,0,1,0,0
472.6,116,0.7,1,0,0,0,0,1
472.5,142,0.2,1,0,0,0,0,1
472.5,123,0,1,0,0,0,0,1
472.4,444,1,0,1,0,0,0,1
472.4,121,-0.2,1,0,0,0,0,1
472.2,571,0,1,0,0,0,0,1
472.2,533,-0.3,0,1,0,0,0,1
472.2,712,0,0,1,0,0,0,1
472,139,0.9,1,0,0,0,1,0
472,335,-0.3,0,1,0,0,0,1
472,162,-0.3,0,1,0,0,0,1
471.9,117,0.4,0,1,0,0,0,1
471.9,184,0.2,0,1,0,0,0,1
471.8,103,0.1,1,0,0,0,0,1
471.8,114,0.2,0,1,0,0,0,1
471.8,59,6.8,0,1,0,0,1,0
471.7,272,-1.3,0,1,0,1,0,0
471.7,7743,-0.9,0,1,0,1,0,0
471.6,1729,-0.5,0,1,0,0,0,1
471.6,88,1.1,0,1,0,0,0,1
471.5,162,-0.3,1,0,0,0,0,1
471.5,281,-0.4,1,0,0,0,0,1
471.5,137,-0.3,1,0,0,0,0,1
471.5,341,-0.2,1,0,0,0,0,1
471.5,18,4.7,0,1,0,0,1,0
471.4,266,-0.3,1,0,0,0,0,1
471.4,262,-1.9,1,0,0,0,0,1
471.4,55,0.3,1,0,0,0,0,1
471.3,120,0.5,1,0,0,0,0,1
471.3,2087,-0.6,0,1,0,1,0,0
471.2,84,-0.5,0,1,0,0,0,1
471.2,57,0.8,1,0,0,0,0,1
471.1,381,0,1,0,0,0,0,1
471.1,342,0.3,1,0,0,0,0,1
471,63,0.3,1,0,0,0,0,1
471,56,0.5,1,0,0,0,0,1
471,911,-0.1,0,1,0,0,0,1
471,230,-0.6,1,0,0,0,0,1
470.8,4619,-0.2,0,1,0,0,0,1
470.8,113,0.7,0,1,0,0,0,1
470.8,573,0.1,0,1,0,0,0,1
470.7,83,-0.4,1,0,0,0,0,1
470.6,136,2.3,1,0,0,0,0,1
470.6,26,0.3,1,0,0,0,0,1
470.6,63,0.1,0,1,0,0,0,1
470.6,1231,0.6,0,1,0,0,0,1
470.5,841,-0.8,1,0,0,1,0,0
470.5,61,-0.7,1,0,0,0,0,1
470.5,3588,-0.4,0,1,0,1,0,0
470.3,75,0.2,0,1,0,0,0,1
470.3,215,-4.6,1,0,0,1,0,0
470.2,219,-0.7,1,0,0,0,0,1
470.2,835,1,0,1,0,0,0,1
470.2,222,0,1,0,0,0,0,1
470.2,697,-0.2,0,1,0,0,0,1
470.1,58,0.5,1,0,0,0,0,1
470,874,-0.4,0,1,0,1,0,0
470,60,-0.3,1,0,0,0,0,1
469.9,52,1.3,1,0,0,0,0,1
469.9,138,-0.4,1,0,0,0,0,1
469.9,1154,-0.6,0,1,0,1,0,0
469.9,200,-0.6,1,0,0,0,0,1
469.8,50,-0.5,0,1,0,0,0,1
469.7,2413,0.1,0,1,0,0,0,1
469.7,32,7.4,1,0,0,0,1,0
469.6,218,-4.6,0,1,0,0,0,1
469.6,115,-0.2,1,0,0,0,0,1
469.6,451,0.5,1,0,0,0,0,1
469.5,515,-0.2,1,0,0,0,0,1
469.5,19,1.8,1,0,0,0,0,1
469.5,304,0,1,0,0,0,0,1
469.3,584,-0.5,0,1,0,1,0,0
469.3,2169,-0.4,0,1,0,1,0,0
469.3,1322,0.6,0,1,0,0,0,1
469.3,72,0,1,0,0,0,0,1
469.3,694,-0.3,1,0,0,0,0,1
469.3,562,-0.2,0,1,0,0,0,1
469.3,88,-0.8,1,0,0,0,0,1
469.2,108,1,1,0,0,0,1,0
469.1,25,-1.7,1,0,0,0,0,1
469,234,-0.4,1,0,0,0,0,1
469,3145,-0.7,0,1,0,1,0,0
468.9,158,0.8,1,0,0,0,0,1
468.9,130,0.2,1,0,0,0,0,1
468.9,224,1,1,0,0,0,1,0
468.8,5372,0.6,0,1,0,0,0,1
468.8,188,0.1,0,1,0,0,0,1
468.8,589,-0.5,0,1,0,0,0,1
468.8,226,-0.7,0,1,0,0,0,1
468.7,283,-0.2,1,0,0,0,0,1
468.7,339,-0.4,1,0,0,0,0,1
468.7,121,0.4,1,0,0,0,0,1
468.7,660,-0.5,0,1,0,0,0,1
468.7,45,-0.4,1,0,0,0,0,1
468.6,22,0.1,1,0,0,0,0,1
468.6,139,2.1,0,1,0,0,0,1
468.6,777,0.2,0,1,0,0,0,1
468.6,428,-0.1,1,0,0,0,0,1
468.5,1942,0.3,0,1,0,0,0,1
468.5,122,-0.2,0,1,0,0,0,1
468.4,991,-0.5,0,1,0,0,0,1
468.4,107,-0.9,0,1,0,1,0,0
468.3,142,-0.1,0,1,0,0,0,1
468.3,107,0.2,1,0,0,0,0,1
468.3,293,0.2,1,0,0,0,0,1
468.2,32,-6.5,0,1,0,0,0,1
468.2,116,-0.5,1,0,0,0,0,1
468.1,707,0.3,0,1,0,0,0,1
468.1,167,0.2,1,0,0,0,0,1
468.1,1107,-0.3,0,1,0,0,0,1
468.1,156,0.3,1,0,0,0,0,1
468.1,251,-0.3,0,1,0,0,0,1
468,198,1,1,0,0,0,1,0
468,854,-0.4,0,1,0,1,0,0
467.9,41,-1.1,1,0,0,0,0,1
467.9,1047,-0.9,0,1,0,1,0,0
467.9,533,2.7,0,1,0,0,0,1
467.8,205,-0.3,0,1,0,0,0,1
467.8,185,3.5,1,0,0,0,0,1
467.8,295,0.2,0,1,0,0,0,1
467.7,95,-1.8,0,1,0,0,0,1
467.7,87,-0.6,1,0,0,1,0,0
467.6,4,-999,1,0,1,0,0,0
467.5,122,0.3,1,0,0,0,0,1
467.5,152,0.7,1,0,0,0,0,1
467.5,111,0.8,1,0,0,0,0,1
467.5,123,0.5,1,0,0,0,0,1
467.4,256,1.3,0,1,0,0,1,0
467.4,216,1.6,0,1,0,0,1,0
467.3,737,-0.6,0,1,0,1,0,0
467.3,2926,-0.4,0,1,0,1,0,0
467.2,288,-0.8,1,0,0,0,0,1
467.1,638,-0.9,0,1,0,1,0,0
467.1,401,-3.1,0,1,0,1,0,0
467,209,0.1,1,0,0,0,0,1
467,248,-0.1,1,0,0,0,0,1
466.9,1309,2.1,0,1,0,0,0,1
466.9,129,0.2,1,0,0,0,0,1
466.8,219,0.7,1,0,0,0,1,0
466.8,2626,-0.3,0,1,0,0,0,1
466.8,122,1.1,1,0,0,0,0,1
466.7,542,-0.1,0,1,0,0,0,1
466.7,907,-0.4,0,1,0,0,0,1
466.4,60,1.5,1,0,0,0,1,0
466.4,55,0.6,0,1,0,0,0,1
466.4,26,0.4,1,0,0,0,0,1
466.4,96,-0.5,1,0,0,0,0,1
466.4,350,-0.4,1,0,0,0,0,1
466.4,189,-0.2,1,0,0,0,0,1
466.2,104,-3.4,1,0,0,1,0,0
466.1,151,0.2,1,0,0,0,0,1
466.1,513,-0.7,1,0,0,1,0,0
466.1,190,-0.2,0,1,0,0,0,1
466,75,3.7,1,0,0,0,0,1
466,253,-0.1,1,0,0,0,0,1
466,128,0.2,0,1,0,0,0,1
466,41,-0.4,1,0,0,0,0,1
466,646,1.3,0,1,0,0,0,1
465.9,49,0.2,1,0,0,0,0,1
465.8,181,-0.5,1,0,0,0,0,1
465.8,95,-0.4,1,0,0,0,0,1
465.8,664,-0.9,1,0,0,1,0,0
465.8,479,-1.2,0,1,0,1,0,0
465.7,223,1.1,1,0,0,0,1,0
465.7,430,0.2,0,1,0,0,0,1
465.7,2623,-0.1,0,1,0,0,0,1
465.6,237,1.8,0,1,0,0,1,0
465.5,40,0.7,1,0,0,0,0,1
465.4,136,0.1,1,0,0,0,0,1
465.3,654,-0.3,0,1,0,0,0,1
465.3,517,-0.9,1,0,0,1,0,0
465.3,506,-1.4,0,1,0,1,0,0
465.3,498,-0.2,0,1,0,0,0,1
465.3,88,-0.3,1,0,0,0,0,1
465.3,44,0.2,1,0,0,0,0,1
465.3,215,0.4,0,1,0,0,0,1
465.1,58,0.3,1,0,0,0,0,1
465.1,99,-0.3,1,0,0,0,0,1
465,127,-2.6,1,0,0,1,0,0
465,3730,-0.2,0,1,0,1,0,0
464.9,250,-0.6,1,0,0,0,0,1
464.9,4219,-2.9,0,1,0,1,0,0
464.9,5783,-0.4,0,1,0,0,0,1
464.9,84,10.1,1,0,0,0,1,0
464.9,63,0.2,1,0,0,0,0,1
464.8,134,0.3,1,0,0,0,0,1
464.7,366,-1.1,1,0,0,1,0,0
464.7,7884,-1.1,0,1,0,1,0,0
464.7,341,-0.5,0,1,0,0,0,1
464.7,150,-0.8,1,0,0,0,0,1
464.7,139,0,1,0,0,0,0,1
464.6,169,0.8,1,0,0,0,0,1
464.5,14,1.5,1,0,0,0,0,1
464.5,58,0,1,0,0,0,0,1
464.5,4943,-0.1,0,1,0,0,0,1
464.5,23,1.9,1,0,0,0,0,1
464.4,507,0.3,0,1,0,0,0,1
464.4,2765,-0.6,0,1,0,1,0,0
464.4,551,-1.9,0,1,0,1,0,0
464.4,305,-0.1,0,1,0,0,0,1
464.3,246,0.2,1,0,0,0,0,1
464.1,49,0.7,0,1,0,0,0,1
464.1,127,-0.2,1,0,0,0,0,1
464.1,167,0.8,1,0,0,0,0,1
463.9,48,4.1,1,0,0,0,1,0
463.9,1550,3,0,1,0,0,1,0
463.8,138,0,1,0,0,0,0,1
463.8,109,-1.2,1,0,0,1,0,0
463.8,106,0.1,1,0,0,0,0,1
463.7,1114,-0.4,0,1,0,0,0,1
463.7,337,3.4,1,0,0,0,1,0
463.6,149,-5.2,1,0,0,1,0,0
463.6,101,-0.4,1,0,0,0,0,1
463.6,546,0,0,1,0,0,0,1
463.5,36,0.5,1,0,0,0,0,1
463.5,632,-0.3,0,1,0,0,0,1
463.5,627,-0.6,0,1,0,0,0,1
463.5,131,0.8,1,0,0,0,0,1
463.4,54,-0.4,1,0,0,0,0,1
463.3,196,-0.4,1,0,0,0,0,1
463.3,387,0.3,1,0,0,0,0,1
463.3,90,0.4,1,0,0,0,0,1
463.2,120,-0.2,1,0,0,0,0,1
463.1,480,-0.2,0,1,0,0,0,1
463.1,165,0,1,0,0,0,0,1
463,722,0.2,0,1,0,0,0,1
462.9,1305,-0.7,1,0,0,1,0,0
462.8,1206,0.2,0,1,0,0,0,1
462.8,51,0.5,1,0,0,0,0,1
462.8,75,-0.6,1,0,0,0,0,1
462.8,177,0.3,1,0,0,0,0,1
462.8,88,1.7,1,0,0,0,1,0
462.7,361,-0.5,1,0,0,0,0,1
462.7,2077,-0.2,0,1,0,0,0,1
462.5,218,3.1,1,0,0,0,1,0
462.4,4949,-0.2,0,1,0,0,0,1
462.4,322,-0.9,0,1,0,1,0,0
462.4,36,-0.4,1,0,0,0,0,1
462.3,388,0.1,0,1,0,0,0,1
462.2,3422,-0.1,0,1,0,0,0,1
462.2,62,-0.9,1,0,0,0,0,1
462.1,180,-7.5,0,1,0,0,0,1
462,78,-0.5,1,0,0,0,0,1
462,1848,-0.5,0,1,0,1,0,0
462,15,-0.3,1,0,0,0,0,1
462,388,1,0,1,0,0,0,1
461.9,810,-0.4,0,1,0,1,0,0
461.9,3299,0.5,0,1,0,0,0,1
461.8,422,-0.4,1,0,0,0,0,1
461.7,144,-0.5,1,0,0,0,0,1
461.6,601,-0.6,0,1,0,0,0,1
461.6,279,1.7,1,0,0,0,0,1
461.6,36,1.3,0,1,0,0,0,1
461.5,76,3.7,1,0,0,0,0,1
461.4,71,0.4,0,1,0,0,0,1
461.4,1206,-0.5,0,1,0,1,0,0
461.3,85,-1.1,1,0,0,1,0,0
461.3,79,0.1,1,0,0,0,0,1
461.3,1409,-1.8,0,1,0,0,0,1
461.3,98,0,1,0,0,0,0,1
461.2,494,-0.5,1,0,0,0,0,1
461.2,203,-3.3,0,1,0,1,0,0
461.2,173,-1.2,1,0,0,0,0,1
461.2,89,0,1,0,0,0,0,1
461.1,198,-0.1,1,0,0,0,0,1
461.1,1903,-1.2,1,0,0,1,0,0
460.9,122,0.6,1,0,0,0,0,1
460.8,49,0.3,1,0,0,0,0,1
460.7,391,-0.9,0,1,0,1,0,0
460.7,328,-0.6,0,1,0,0,0,1
460.7,128,0.5,1,0,0,0,0,1
460.6,25,-1.6,1,0,0,0,0,1
460.6,2164,-0.8,0,1,0,1,0,0
460.5,332,0.5,1,0,0,0,0,1
460.5,123,-2.3,1,0,0,0,0,1
460.3,292,-0.7,0,1,0,0,0,1
460.3,965,-0.4,0,1,0,0,0,1
460.1,380,-0.3,1,0,0,0,0,1
460.1,519,-1,0,1,0,0,0,1
460.1,150,-0.3,1,0,0,0,0,1
460,724,-0.8,0,1,0,1,0,0
460,145,-0.7,0,1,0,0,0,1
460,74,-0.2,0,1,0,0,0,1
459.9,46,0.1,1,0,0,0,0,1
459.9,159,-0.6,0,1,0,0,0,1
459.9,223,0.1,1,0,0,0,0,1
459.8,570,-0.6,1,0,0,0,0,1
459.8,246,0.2,0,1,0,0,0,1
459.8,1777,-1.3,0,1,0,1,0,0
459.7,211,0.5,1,0,0,0,0,1
459.6,260,-0.3,0,1,0,0,0,1
459.6,679,-0.5,0,1,0,0,0,1
459.6,629,0,0,1,0,0,0,1
459.5,114,0.2,1,0,0,0,0,1
459.5,76,-0.7,1,0,0,0,0,1
459.5,324,0.1,0,1,0,0,0,1
459.5,34,-0.8,1,0,0,0,0,1
459.4,71,0.3,1,0,0,0,0,1
459.2,51,0.2,1,0,0,0,0,1
459.2,770,-1.2,1,0,0,1,0,0
459.2,744,-0.4,0,1,0,0,0,1
459.1,141,-0.2,1,0,0,0,0,1
459,160,-0.5,0,1,0,0,0,1
458.9,244,-0.2,1,0,0,0,0,1
458.9,58,0.9,1,0,0,0,0,1
458.9,5384,0.2,0,1,0,0,0,1
458.9,170,-1.8,0,1,0,1,0,0
458.9,565,-0.5,0,1,0,0,0,1
458.8,569,0.2,0,1,0,0,0,1
458.8,205,0.4,0,1,0,0,0,1
458.8,3772,2.3,0,1,0,0,0,1
458.8,582,0.1,1,0,0,0,0,1
458.8,272,-0.8,1,0,0,1,0,0
458.7,427,-0.9,1,0,0,1,0,0
458.7,6537,-0.3,0,1,0,0,0,1
458.7,53,-0.6,0,1,0,0,0,1
458.7,385,0,1,0,0,0,0,1
458.7,396,-0.6,0,1,0,0,0,1
458.6,93,0.3,1,0,0,0,0,1
458.6,712,-3,0,1,0,1,0,0
458.6,56,-0.5,1,0,0,0,0,1
458.6,52,0.2,1,0,0,0,0,1
458.4,949,0.5,0,1,0,0,0,1
458.4,6035,-0.6,0,1,0,1,0,0
458.4,151,-7.9,1,0,0,1,0,0
458.3,1559,-0.6,0,1,0,1,0,0
458.3,320,1.3,0,1,0,0,0,1
458.2,227,-0.5,0,1,0,0,0,1
458.2,346,-1,1,0,0,1,0,0
458.2,75,-1.3,1,0,0,1,0,0
458.1,939,0.9,0,1,0,0,1,0
458.1,719,-0.3,0,1,0,0,0,1
458,967,-0.1,0,1,0,0,0,1
458,84,-0.3,1,0,0,0,0,1
457.9,80,0.1,1,0,0,0,0,1
457.9,278,-0.5,1,0,0,0,0,1
457.8,15,0.5,1,0,0,0,0,1
457.8,1040,-0.7,0,1,0,1,0,0
457.7,107,0.5,1,0,0,0,0,1
457.6,213,-0.3,0,1,0,0,0,1
457.6,330,-0.5,0,1,0,0,0,1
457.5,5126,-0.6,0,1,0,1,0,0
457.5,266,-0.2,1,0,0,0,0,1
457.5,236,-0.8,1,0,0,1,0,0
457.4,324,0,0,1,0,0,0,1
457.4,247,-0.4,1,0,0,0,0,1
457.4,3173,-0.5,0,1,0,1,0,0
457.4,4034,-0.4,0,1,0,1,0,0
457.3,1720,-0.4,0,1,0,0,0,1
457.2,71,0.2,1,0,0,0,0,1
457.2,127,-0.2,1,0,0,0,0,1
457.1,4854,-2,0,1,0,1,0,0
457.1,48,0.4,1,0,0,0,0,1
457.1,1672,-0.3,0,1,0,0,0,1
457.1,244,0.8,1,0,0,0,0,1
457.1,615,-0.7,0,1,0,1,0,0
457.1,123,-999,1,0,1,0,0,0
457.1,10,-13.3,1,0,0,1,0,0
457,725,-0.6,0,1,0,0,0,1
457,187,-0.4,1,0,0,0,0,1
456.9,201,-0.1,1,0,0,0,0,1
456.9,84,0.7,1,0,0,0,1,0
456.9,478,-1.1,1,0,0,1,0,0
456.8,95,-0.2,0,1,0,0,0,1
456.8,619,1.5,0,1,0,0,0,1
456.8,402,-1.4,1,0,0,1,0,0
456.7,61,0.3,1,0,0,0,0,1
456.7,7,-999,1,0,1,0,0,0
456.7,490,-0.7,0,1,0,1,0,0
456.6,287,-0.7,0,1,0,0,0,1
456.5,62,-0.2,1,0,0,0,0,1
456.4,531,0.1,0,1,0,0,0,1
456.4,72,-1.4,1,0,0,0,0,1
456.4,480,-0.3,1,0,0,0,0,1
456.4,33,0,1,0,0,0,0,1
456.4,302,0.3,0,1,0,0,0,1
456.4,219,-2,1,0,0,1,0,0
456.3,335,-0.4,1,0,0,0,0,1
456.3,2397,-0.8,0,1,0,1,0,0
456.3,5867,-0.9,0,1,0,1,0,0
456.2,66,1.2,1,0,0,0,0,1
456.1,63,0.2,1,0,0,0,0,1
456.1,99,-0.3,1,0,0,0,0,1
456.1,59,-0.3,1,0,0,0,0,1
455.9,6011,-0.4,0,1,0,1,0,0
455.8,104,-1.5,1,0,0,0,0,1
455.8,923,0,0,1,0,0,0,1
455.8,134,0.2,0,1,0,0,0,1
455.6,1792,1.2,0,1,0,0,0,1
455.6,43,-0.5,1,0,0,0,0,1
455.6,816,0.8,0,1,0,0,0,1
455.5,97,0,1,0,0,0,0,1
455.3,73,0.6,1,0,0,0,0,1
455.3,167,-0.3,0,1,0,0,0,1
455.3,108,3.3,1,0,0,0,0,1
455,297,6.7,0,1,0,0,1,0
455,1060,-0.3,0,1,0,0,0,1
454.8,1185,-0.8,0,1,0,1,0,0
454.8,559,-0.7,1,0,0,1,0,0
454.7,704,0.4,0,1,0,0,0,1
454.7,135,-0.1,1,0,0,0,0,1
454.6,82,0.6,1,0,0,0,0,1
454.6,63,-0.2,1,0,0,0,0,1
454.6,911,-0.4,0,1,0,0,0,1
454.5,1282,1.3,0,1,0,0,0,1
454.5,2345,-0.3,0,1,0,0,0,1
454.5,1818,3.3,0,1,0,0,1,0
454.4,70,0.7,1,0,0,0,0,1
454.4,547,-0.3,0,1,0,0,0,1
454.3,320,-0.5,1,0,0,0,0,1
454.3,70,-7.2,1,0,0,0,0,1
454.3,4198,-1.3,0,1,0,1,0,0
454.3,105,-0.2,1,0,0,0,0,1
454.2,115,-0.7,1,0,0,0,0,1
454.2,1826,0.9,0,1,0,0,0,1
454.2,71,-0.3,1,0,0,0,0,1
454.1,118,0,1,0,0,0,0,1
454.1,172,0.3,1,0,0,0,0,1
454,34,-0.2,1,0,0,0,0,1
454,226,0.6,1,0,0,0,0,1
453.9,60,-0.4,1,0,0,0,0,1
453.9,94,6.4,0,1,0,0,1,0
453.9,1431,-0.8,0,1,0,1,0,0
453.9,114,-5.7,1,0,0,1,0,0
453.8,3357,-5.3,0,1,0,1,0,0
453.8,3101,-0.9,0,1,0,1,0,0
453.8,640,-0.1,0,1,0,0,0,1
453.8,186,0.1,1,0,0,0,0,1
453.7,118,-0.2,1,0,0,0,0,1
453.7,335,0.1,0,1,0,0,0,1
453.7,244,-0.5,0,1,0,0,0,1
453.7,873,-4.8,0,1,0,1,0,0
453.7,134,3.8,1,0,0,0,0,1
453.6,199,-1.2,1,0,0,1,0,0
453.6,240,-0.2,1,0,0,0,0,1
453.5,18,0.9,1,0,0,0,0,1
453.4,125,1.2,1,0,0,0,0,1
453.4,270,-8.4,1,0,0,1,0,0
453.4,35,-1.5,1,0,0,1,0,0
453.3,173,0.9,1,0,0,0,1,0
453.3,157,-6,1,0,0,1,0,0
453.2,2564,-0.9,0,1,0,1,0,0
453.1,274,-1.2,0,1,0,1,0,0
453.1,212,-0.7,1,0,0,0,0,1
453.1,402,0,0,1,0,0,0,1
453.1,255,-2.8,0,1,0,1,0,0
453.1,2490,-0.8,0,1,0,1,0,0
453,113,0.1,1,0,0,0,0,1
453,85,0.3,0,1,0,0,0,1
453,377,-0.5,0,1,0,0,0,1
452.9,1063,-0.6,0,1,0,1,0,0
452.9,284,-2.5,1,0,0,1,0,0
452.8,230,-0.1,1,0,0,0,0,1
452.7,72,0.7,1,0,0,0,0,1
452.7,684,0.4,0,1,0,0,0,1
452.7,520,-4.5,0,1,0,1,0,0
452.7,11,1,1,0,0,0,0,1
452.7,120,0.1,1,0,0,0,0,1
452.7,43,-1.6,0,1,0,1,0,0
452.6,603,0,0,1,0,0,0,1
452.6,663,-1,0,1,0,1,0,0
452.5,73,-0.1,1,0,0,0,0,1
452.5,530,-0.6,1,0,0,0,0,1
452.4,247,-5.8,1,0,0,1,0,0
452.4,57,0.2,1,0,0,0,0,1
452.3,499,-0.3,1,0,0,0,0,1
452.3,2292,2.5,0,1,0,0,0,1
452.3,142,-0.7,1,0,0,0,0,1
452.2,798,-0.4,0,1,0,0,0,1
452.2,127,-0.6,0,1,0,0,0,1
452.2,19,-1.7,1,0,0,0,0,1
452.2,208,-0.9,1,0,0,0,0,1
452.1,91,0.5,1,0,0,0,0,1
452.1,67,-5.9,1,0,0,0,0,1
452.1,43,-2.8,1,0,0,1,0,0
452.1,572,-0.2,0,1,0,0,0,1
452,66,-0.2,1,0,0,0,0,1
451.9,3132,-0.8,0,1,0,1,0,0
451.9,957,-3.4,0,1,0,1,0,0
451.8,133,1,1,0,0,0,0,1
451.8,293,-5.2,1,0,0,1,0,0
451.7,269,-0.4,1,0,0,0,0,1
451.6,2191,-0.8,0,1,0,1,0,0
451.6,212,0.4,0,1,0,0,0,1
451.5,66,4.5,1,0,0,0,1,0
451.5,1291,0.4,0,1,0,0,0,1
451.5,34,0,1,0,0,0,0,1
451.4,44,-1.4,1,0,0,0,0,1
451.4,187,0,1,0,0,0,0,1
451.4,241,0.4,0,1,0,0,0,1
451.4,27,0.9,1,0,0,0,1,0
451.4,276,-0.1,1,0,0,0,0,1
451.3,1345,3.2,0,1,0,0,1,0
451.3,388,0.2,0,1,0,0,0,1
451.2,172,-10.8,1,0,0,1,0,0
451.2,32,0.6,1,0,0,0,0,1
451.1,1810,-2,0,1,0,1,0,0
451.1,886,-0.3,0,1,0,0,0,1
450.9,167,-1,1,0,0,0,0,1
450.7,349,-0.5,1,0,0,0,0,1
450.7,99,-0.7,0,1,0,0,0,1
450.6,17,0.4,1,0,0,0,0,1
450.4,24,-0.1,1,0,0,0,0,1
450.3,1956,-0.7,0,1,0,1,0,0
450.3,812,-1,0,1,0,1,0,0
450.3,225,0.3,1,0,0,0,0,1
450.1,554,0.2,0,1,0,0,0,1
450,1409,-0.1,0,1,0,0,0,1
449.9,33,1.6,1,0,0,0,0,1
449.8,150,-1.7,0,1,0,1,0,0
449.8,98,-0.8,1,0,0,0,0,1
449.7,124,0.1,1,0,0,0,0,1
449.5,119,-3,1,0,0,1,0,0
449.5,805,-0.3,0,1,0,0,0,1
449.4,722,-0.4,0,1,0,0,0,1
449.4,111,0.1,1,0,0,0,0,1
449.4,543,1,0,1,0,0,0,1
449.3,499,-0.3,0,1,0,0,0,1
449.3,170,0.1,1,0,0,0,0,1
449.2,16,-999,1,0,1,0,0,0
449.2,318,-0.7,0,1,0,1,0,0
449.1,290,-0.2,1,0,0,0,0,1
449.1,780,0.2,0,1,0,0,0,1
449.1,141,-0.7,1,0,0,1,0,0
449,215,-0.2,1,0,0,0,0,1
449,419,-0.6,1,0,0,0,0,1
449,1614,-0.3,0,1,0,0,0,1
448.8,875,-0.6,0,1,0,1,0,0
448.8,340,-0.4,1,0,0,0,0,1
448.7,7762,-4.6,0,1,0,1,0,0
448.7,45,1.1,1,0,0,0,0,1
448.7,4001,0,0,1,0,0,0,1
448.6,405,-0.7,1,0,0,1,0,0
448.6,76,-0.4,1,0,0,0,0,1
448.5,208,-4,1,0,0,1,0,0
448.5,208,0.2,1,0,0,0,0,1
448.5,554,-1.9,0,1,0,1,0,0
448.5,798,-0.5,0,1,0,1,0,0
448.4,210,-7.3,1,0,0,1,0,0
448.4,59,0.1,1,0,0,0,0,1
448.3,95,-1.3,1,0,0,1,0,0
448.3,1225,-0.2,0,1,0,0,0,1
448.3,57,-0.2,1,0,0,0,0,1
448.3,164,0.1,1,0,0,0,0,1
448.3,115,-3,0,1,0,1,0,0
448.2,405,-5,0,1,0,1,0,0
448.2,325,-0.6,0,1,0,0,0,1
448.2,251,-0.9,1,0,0,1,0,0
448.2,154,-0.2,1,0,0,0,0,1
448.2,1769,-0.6,0,1,0,1,0,0
448.1,782,-1.4,0,1,0,1,0,0
448,1083,-1.2,0,1,0,1,0,0
448,2960,1.4,0,1,0,0,0,1
448,381,0.8,1,0,0,0,0,1
447.9,5105,-0.5,0,1,0,1,0,0
447.8,269,-0.1,1,0,0,0,0,1
447.8,242,-1.2,1,0,0,0,0,1
447.8,171,-1,0,1,0,1,0,0
447.7,32,0,1,0,0,0,0,1
447.7,1198,0.3,0,1,0,0,0,1
447.6,32,0,1,0,0,0,0,1
447.6,63,-0.7,1,0,0,0,0,1
447.6,318,0.6,1,0,0,0,0,1
447.5,129,-3,0,1,0,0,0,1
447.5,15,1.2,0,1,0,0,0,1
447.5,488,0.2,0,1,0,0,0,1
447.5,64,0.8,1,0,0,0,0,1
447.4,1982,-1.4,0,1,0,1,0,0
447.3,596,-0.8,1,0,0,1,0,0
447.3,362,-0.5,0,1,0,0,0,1
447.3,652,-0.8,0,1,0,1,0,0
447.2,90,0.2,1,0,0,0,0,1
447.2,359,-0.5,0,1,0,0,0,1
447.2,139,-0.5,1,0,0,0,0,1
447.1,1297,-0.8,0,1,0,1,0,0
447.1,399,1.9,1,0,0,0,1,0
447.1,2687,0.5,0,1,0,0,0,1
447,812,-1.6,0,1,0,1,0,0
447,42,-0.1,1,0,0,0,0,1
446.9,345,-0.9,1,0,0,1,0,0
446.9,73,-1.3,1,0,0,1,0,0
446.8,2316,-2.6,0,1,0,1,0,0
446.8,47,0.7,0,1,0,0,0,1
446.8,116,0.5,1,0,0,0,0,1
446.8,101,-0.9,0,1,0,0,0,1
446.7,508,2,0,1,0,0,0,1
446.6,871,-3.8,0,1,0,1,0,0
446.6,307,0.1,0,1,0,0,0,1
446.6,105,-0.1,1,0,0,0,0,1
446.5,209,-0.6,0,1,0,0,0,1
446.5,659,-0.9,0,1,0,1,0,0
446.4,62,-999,1,0,1,0,0,0
446.4,131,-0.8,1,0,0,0,0,1
446.3,189,-1.1,0,1,0,1,0,0
446.3,105,0.2,1,0,0,0,0,1
446.3,11,2.2,1,0,0,0,0,1
446.1,105,0.3,0,1,0,0,0,1
446.1,90,-0.3,1,0,0,0,0,1
446.1,113,-0.8,1,0,0,0,0,1
446,415,-1,1,0,0,1,0,0
446,55,1.6,1,0,0,0,1,0
446,3184,-0.5,0,1,0,1,0,0
446,118,-0.9,0,1,0,1,0,0
446,137,-0.4,1,0,0,0,0,1
446,100,-0.4,1,0,0,0,0,1
445.9,502,-0.2,0,1,0,0,0,1
445.9,262,-1.5,1,0,0,1,0,0
445.9,38,-1.6,1,0,0,1,0,0
445.9,276,0.1,1,0,0,0,0,1
445.9,2585,-0.5,0,1,0,1,0,0
445.8,1252,-0.8,0,1,0,1,0,0
445.8,328,-0.7,1,0,0,0,0,1
445.7,69,0.8,1,0,0,0,0,1
445.7,207,1.9,1,0,0,0,0,1
445.7,96,0.4,1,0,0,0,0,1
445.7,116,-0.2,1,0,0,0,0,1
445.7,185,4.5,1,0,0,0,0,1
445.7,489,-0.6,1,0,0,0,0,1
445.6,121,0.4,1,0,0,0,0,1
445.5,65,-0.1,1,0,0,0,0,1
445.5,88,1.5,1,0,0,0,0,1
445.4,278,0.3,0,1,0,0,0,1
445.3,2640,-0.2,0,1,0,0,0,1
445.1,2653,-3.3,0,1,0,1,0,0
445.1,1180,-0.8,0,1,0,1,0,0
445.1,3166,-6.1,0,1,0,1,0,0
444.9,668,-0.6,0,1,0,0,0,1
444.9,187,-1.4,1,0,0,1,0,0
444.8,69,-0.1,1,0,0,0,0,1
444.8,128,-0.1,0,1,0,0,0,1
444.7,279,-1.6,1,0,0,1,0,0
444.7,142,-12.1,1,0,0,1,0,0
444.7,237,-0.8,1,0,0,1,0,0
444.6,1647,1,0,1,0,0,0,1
444.6,210,0.2,0,1,0,0,0,1
444.6,164,-0.1,1,0,0,0,0,1
444.6,1786,-0.5,0,1,0,1,0,0
444.5,514,1.3,0,1,0,0,0,1
444.5,1830,-1.1,0,1,0,1,0,0
444.5,158,1.9,1,0,0,0,0,1
444.5,237,-0.1,1,0,0,0,0,1
444.5,55,-1.7,1,0,0,1,0,0
444.5,2089,-0.7,0,1,0,1,0,0
444.5,361,2.1,1,0,0,0,1,0
444.4,271,-1.6,1,0,0,1,0,0
444.4,92,-0.1,1,0,0,0,0,1
444.3,197,-1,0,1,0,1,0,0
444.1,70,-0.5,1,0,0,0,0,1
444.1,340,0.1,0,1,0,0,0,1
444,1392,0.3,0,1,0,0,0,1
444,112,-0.3,1,0,0,0,0,1
443.8,4519,-0.8,0,1,0,1,0,0
443.6,45,-0.5,1,0,0,0,0,1
443.5,33,1.5,1,0,0,0,0,1
443.5,19,-1.2,1,0,0,0,0,1
443.4,1785,-0.6,0,1,0,1,0,0
443.4,421,-0.4,0,1,0,0,0,1
443.4,282,-0.5,1,0,0,0,0,1
443.4,27,0.7,1,0,0,0,0,1
443.4,697,-0.7,0,1,0,1,0,0
443.3,82,1.1,1,0,0,0,0,1
443.2,1879,-0.8,0,1,0,1,0,0
443.2,67,-0.2,1,0,0,0,0,1
443.2,198,-0.6,1,0,0,0,0,1
443.2,5773,-0.2,0,1,0,0,0,1
443,16,1.8,1,0,0,0,0,1
443,382,-0.6,1,0,0,0,0,1
443,200,-0.1,1,0,0,0,0,1
442.9,19,0.6,1,0,0,0,0,1
442.6,45,0.8,0,1,0,0,0,1
442.5,1450,0,0,1,0,0,0,1
442.5,35,0.2,1,0,0,0,0,1
442.5,140,-0.2,1,0,0,0,0,1
442.5,106,-0.2,1,0,0,0,0,1
442.5,141,0.4,1,0,0,0,0,1
442.4,601,-0.2,0,1,0,0,0,1
442.4,107,0.3,1,0,0,0,0,1
442.4,13,-999,1,0,1,0,0,0
442.3,402,-6,1,0,0,1,0,0
442.3,32,-0.7,1,0,0,0,0,1
442.1,289,-0.3,0,1,0,0,0,1
442.1,58,0.7,1,0,0,0,0,1
442.1,10,21.3,0,1,0,0,0,1
442.1,121,-2.5,0,1,0,0,0,1
442,1323,-0.8,0,1,0,1,0,0
442,3515,-0.3,0,1,0,1,0,0
441.9,106,-0.3,1,0,0,0,0,1
441.9,127,-1.6,0,1,0,1,0,0
441.9,66,-0.4,1,0,0,0,0,1
441.8,105,0,1,0,0,0,0,1
441.7,515,-0.3,0,1,0,0,0,1
441.6,56,4.3,0,1,0,0,1,0
441.6,218,-0.2,1,0,0,0,0,1
441.6,4960,-4.6,0,1,0,1,0,0
441.6,134,0.6,0,1,0,0,0,1
441.6,440,-0.7,1,0,0,1,0,0
441.4,256,0,0,1,0,0,0,1
441.4,10600,-0.1,0,1,0,0,0,1
441.4,227,0.3,1,0,0,0,0,1
441.4,33,0,1,0,0,0,0,1
441.3,138,1.9,1,0,0,0,1,0
441.2,72,0.6,1,0,0,0,0,1
441,136,-0.7,1,0,0,0,0,1
440.9,93,-0.6,1,0,0,0,0,1
440.9,116,0.7,1,0,0,0,0,1
440.7,53,-0.8,1,0,0,0,0,1
440.7,265,-0.4,0,1,0,0,0,1
440.6,428,-1.1,0,1,0,1,0,0
440.6,158,-0.4,1,0,0,0,0,1
440.6,121,-0.5,1,0,0,0,0,1
440.5,438,-0.5,1,0,0,0,0,1
440.5,615,-0.2,0,1,0,0,0,1
440.5,769,-0.9,1,0,0,1,0,0
440.5,304,-0.8,1,0,0,1,0,0
440.4,102,-0.2,1,0,0,0,0,1
440.3,469,-1.1,1,0,0,1,0,0
440.1,130,0.9,1,0,0,0,1,0
440.1,202,-0.2,0,1,0,0,0,1
440.1,391,-0.1,1,0,0,0,0,1
440,291,-0.6,1,0,0,0,0,1
439.8,53,0.1,1,0,0,0,0,1
439.8,49,-0.1,1,0,0,0,0,1
439.7,146,-1,1,0,0,0,0,1
439.6,994,-0.5,0,1,0,1,0,0
439.5,3425,-1,0,1,0,1,0,0
439.4,50,-5.3,0,1,0,1,0,0
439.4,71,0.8,1,0,0,0,0,1
439.4,2432,-2.6,0,1,0,1,0,0
439.1,2212,-1.1,0,1,0,1,0,0
439.1,806,-0.4,0,1,0,0,0,1
439,4120,-0.5,0,1,0,0,0,1
439,263,-0.2,1,0,0,0,0,1
438.9,38,0.5,1,0,0,0,0,1
438.9,311,-1.4,1,0,0,0,0,1
438.9,193,1.9,1,0,0,0,0,1
438.9,234,-0.6,1,0,0,0,0,1
438.9,55,0.6,0,1,0,0,0,1
438.8,52,3.3,1,0,0,0,1,0
438.8,41,-0.3,1,0,0,0,0,1
438.8,1480,2.3,0,1,0,0,0,1
438.8,125,-0.3,0,1,0,0,0,1
438.7,140,0.1,1,0,0,0,0,1
438.5,164,0.1,1,0,0,0,0,1
438.2,4485,-3.2,0,1,0,1,0,0
438.2,8939,-0.7,0,1,0,1,0,0
438.2,150,0.1,1,0,0,0,0,1
438.2,88,0.9,1,0,0,0,0,1
438.2,89,-0.6,1,0,0,0,0,1
438,1172,-0.4,0,1,0,1,0,0
438,45,0.1,1,0,0,0,0,1
437.9,594,-0.8,0,1,0,0,0,1
437.9,212,2,1,0,0,0,0,1
437.9,111,-0.1,1,0,0,0,0,1
437.8,83,0.9,1,0,0,0,0,1
437.7,401,-0.6,0,1,0,0,0,1
437.7,110,-7.1,1,0,0,1,0,0
437.7,46,-0.1,1,0,0,0,0,1
437.7,191,0.2,1,0,0,0,0,1
437.6,185,2.6,0,1,0,0,0,1
437.6,132,-0.6,1,0,0,0,0,1
437.5,33,16.2,1,0,0,0,0,1
437.3,494,-0.5,0,1,0,0,0,1
437.2,859,-1.5,0,1,0,1,0,0
437.2,862,-5.6,0,1,0,1,0,0
437.1,105,-0.6,0,1,0,0,0,1
437,939,1.6,0,1,0,0,1,0
436.8,281,0.1,1,0,0,0,0,1
436.6,100,0.2,0,1,0,0,0,1
436.6,40,-0.7,1,0,0,0,0,1
436.5,352,-0.2,0,1,0,0,0,1
436.5,239,-0.4,1,0,0,0,0,1
436.5,763,-6.1,0,1,0,1,0,0
436.4,592,-0.5,0,1,0,0,0,1
436.4,2568,-0.7,0,1,0,1,0,0
436.2,546,0.2,0,1,0,0,0,1
436.1,174,5.2,0,1,0,0,0,1
436.1,2411,-0.6,0,1,0,1,0,0
435.9,27,-1.6,1,0,0,0,0,1
435.9,215,-2,1,0,0,1,0,0
435.8,1510,-0.3,0,1,0,0,0,1
435.8,163,6.6,1,0,0,0,0,1
435.7,123,-1,1,0,0,1,0,0
435.7,242,0.2,0,1,0,0,0,1
435.7,56,-11.2,1,0,0,1,0,0
435.7,745,-0.2,0,1,0,0,0,1
435.7,150,-1.9,1,0,0,1,0,0
435.6,75,-0.7,1,0,0,0,0,1
435.6,260,-0.1,1,0,0,0,0,1
435.6,2994,1.5,0,1,0,0,0,1
435.6,248,-0.5,1,0,0,0,0,1
435.5,53,0.1,1,0,0,0,0,1
435.5,940,-1.1,0,1,0,1,0,0
435.2,249,-0.6,1,0,0,0,0,1
435,75,-0.5,0,1,0,0,0,1
434.9,65,-0.2,1,0,0,0,0,1
434.9,343,0,0,1,0,0,0,1
434.9,38,-0.7,1,0,0,0,0,1
434.9,380,-1.2,0,1,0,1,0,0
434.9,42,0.2,1,0,0,0,0,1
434.8,255,-0.7,1,0,0,0,0,1
434.8,386,-3.9,0,1,0,1,0,0
434.7,651,0.1,1,0,0,0,0,1
434.6,31,-1.8,1,0,0,1,0,0
434.5,98,0.7,0,1,0,0,0,1
434.5,49,0.2,1,0,0,0,0,1
434.5,277,-0.5,1,0,0,0,0,1
434.4,4423,1.6,0,1,0,0,0,1
434.4,2208,0.3,0,1,0,0,0,1
434.4,588,-0.5,0,1,0,0,0,1
434.3,453,-0.8,0,1,0,1,0,0
434.3,111,-1.1,1,0,0,1,0,0
434.3,345,-5.6,0,1,0,0,0,1
434.2,57,-1.1,1,0,0,0,0,1
434.2,3530,-0.8,0,1,0,1,0,0
434.1,73,0.9,1,0,0,0,0,1
434.1,1548,-0.6,0,1,0,1,0,0
434.1,108,-0.2,1,0,0,0,0,1
434.1,1975,-1.2,0,1,0,1,0,0
434.1,117,-0.4,1,0,0,0,0,1
433.9,471,-1.3,0,1,0,1,0,0
433.9,1052,0.4,0,1,0,0,1,0
433.9,486,-0.8,0,1,0,1,0,0
433.8,1423,-1,0,1,0,1,0,0
433.8,80,-1.4,1,0,0,0,0,1
433.7,298,-0.1,1,0,0,0,0,1
433.6,12,0.2,1,0,0,0,0,1
433.6,74,-0.8,0,1,0,0,0,1
433.6,1097,-0.9,0,1,0,1,0,0
433.6,122,0.3,0,1,0,0,0,1
433.6,4509,-5.8,0,1,0,1,0,0
433.5,271,-0.1,1,0,0,0,0,1
433.5,138,0.4,1,0,0,0,0,1
433.4,63,-0.1,1,0,0,0,0,1
433.2,194,-0.9,1,0,0,0,0,1
433.1,325,-1,0,1,0,1,0,0
433,276,-0.8,1,0,0,0,0,1
432.9,42,1.1,1,0,0,0,0,1
432.9,146,0.1,1,0,0,0,0,1
432.9,639,-0.8,0,1,0,1,0,0
432.7,404,-0.1,1,0,0,0,0,1
432.7,46,0.2,1,0,0,0,0,1
432.7,48,1.4,1,0,0,0,0,1
432.6,42,0.6,1,0,0,0,0,1
432.6,189,0.8,1,0,0,0,0,1
432.4,18,-1,1,0,0,0,0,1
432.4,13,-2.4,1,0,0,0,0,1
432.3,268,-0.6,1,0,0,0,0,1
432.2,295,0.9,1,0,0,0,0,1
432.2,103,-9.3,1,0,0,0,0,1
432.2,269,-0.1,1,0,0,0,0,1
432.2,60,0.3,1,0,0,0,0,1
432.2,530,-0.6,1,0,0,1,0,0
432.1,26155,-0.5,0,1,0,0,0,1
432.1,161,-1,1,0,0,1,0,0
432.1,610,-1.2,0,1,0,1,0,0
432,596,-0.7,0,1,0,1,0,0
432,3673,-0.8,0,1,0,1,0,0
432,48,0,1,0,0,0,0,1
431.9,803,-1,0,1,0,1,0,0
431.9,52,-1.3,0,1,0,0,0,1
431.8,289,-0.1,0,1,0,0,0,1
431.8,169,0.2,1,0,0,0,0,1
431.8,776,-1.1,0,1,0,1,0,0
431.8,306,-1.2,0,1,0,1,0,0
431.7,107,-2.7,1,0,0,1,0,0
431.7,219,0.6,1,0,0,0,0,1
431.7,9,-0.8,1,0,0,0,0,1
431.7,25,0.1,1,0,0,0,0,1
431.7,105,-0.3,1,0,0,0,0,1
431.6,90,-0.8,1,0,0,1,0,0
431.4,314,-0.1,1,0,0,0,0,1
431.4,67,-1.1,0,1,0,0,0,1
431.4,138,0.7,1,0,0,0,0,1
431.4,158,0,1,0,0,0,0,1
431.4,34,-0.1,1,0,0,0,0,1
431.4,494,-0.3,0,1,0,0,0,1
431.4,242,2,1,0,0,0,0,1
431.3,485,0.5,1,0,0,0,0,1
431.3,254,-7,1,0,0,1,0,0
431.3,151,-1.2,1,0,0,1,0,0
431.3,402,-0.9,1,0,0,1,0,0
431.2,414,0,1,0,0,0,0,1
431.2,115,-0.5,1,0,0,0,0,1
431.1,436,3.2,0,1,0,0,1,0
431.1,10075,-0.5,0,1,0,1,0,0
431.1,373,-0.2,0,1,0,0,0,1
430.8,104,-0.8,0,1,0,0,0,1
430.8,436,-0.8,1,0,0,1,0,0
430.7,1285,-0.6,0,1,0,0,0,1
430.7,66,0.8,1,0,0,0,0,1
430.6,950,0.5,0,1,0,0,0,1
430.6,87,-0.1,0,1,0,0,0,1
430.5,3561,-0.8,0,1,0,1,0,0
430.5,338,-0.8,1,0,0,1,0,0
430.4,1483,-1.9,0,1,0,1,0,0
430.4,200,-0.9,1,0,0,1,0,0
430.3,164,-0.9,0,1,0,0,0,1
430.3,207,0.9,1,0,0,0,1,0
430.2,41,-0.9,1,0,0,0,0,1
430.1,113,0.9,0,1,0,0,0,1
430,113,-0.1,1,0,0,0,0,1
430,50,-0.8,1,0,0,0,0,1
430,318,-0.4,1,0,0,0,0,1
430,1460,-1.1,0,1,0,1,0,0
429.9,222,-0.2,0,1,0,0,0,1
429.9,165,-0.4,1,0,0,0,0,1
429.9,101,5.8,0,1,0,0,0,1
429.8,164,-0.5,1,0,0,0,0,1
429.8,130,-0.4,1,0,0,0,0,1
429.7,467,-0.5,0,1,0,0,0,1
429.7,183,-1.4,1,0,0,1,0,0
429.6,546,-0.8,0,1,0,1,0,0
429.5,94,-0.6,1,0,0,0,0,1
429.5,10481,0,0,1,0,0,0,1
429.4,509,-1,1,0,0,1,0,0
429.4,95,-0.6,0,1,0,0,0,1
429.4,60,-0.2,1,0,0,0,0,1
429.2,15,-0.8,1,0,0,0,0,1
429.1,681,-1.4,0,1,0,1,0,0
429.1,82,-1.2,1,0,0,0,0,1
429,20,1,1,0,0,0,0,1
428.9,156,0.1,1,0,0,0,0,1
428.9,25,0,1,0,0,0,0,1
428.8,262,-0.6,1,0,0,0,0,1
428.7,47,-0.5,0,1,0,0,0,1
428.5,3004,-0.4,0,1,0,0,0,1
428.4,120,0.2,1,0,0,0,0,1
428.2,271,0.2,1,0,0,0,0,1
428.1,552,-4.1,0,1,0,1,0,0
428.1,138,-0.7,0,1,0,0,0,1
428,26,0.1,1,0,0,0,0,1
428,1331,2,0,1,0,0,1,0
427.8,438,-0.9,0,1,0,1,0,0
427.8,51,3.3,1,0,0,0,1,0
427.7,98,-0.1,1,0,0,0,0,1
427.7,122,-0.4,1,0,0,0,0,1
427.5,38,1.5,1,0,0,0,0,1
427.5,45,0.1,1,0,0,0,0,1
427.3,27,1.8,1,0,0,0,0,1
427.3,424,0,0,1,0,0,0,1
427.3,126,-0.7,1,0,0,0,0,1
427.3,8725,-0.9,0,1,0,1,0,0
427.3,144,-0.5,0,1,0,0,0,1
427.3,110,-2,1,0,0,1,0,0
427.2,2843,-3.5,0,1,0,1,0,0
427.1,97,-0.3,1,0,0,0,0,1
427.1,305,-0.8,1,0,0,1,0,0
427,120,0.3,1,0,0,0,0,1
426.8,224,-0.7,1,0,0,0,0,1
426.8,133,-2.3,1,0,0,1,0,0
426.7,3105,-0.7,0,1,0,0,0,1
426.6,245,-0.3,1,0,0,0,0,1
426.6,53,2.5,1,0,0,0,1,0
426.2,58,-1.1,0,1,0,0,0,1
426.1,15558,-0.7,0,1,0,1,0,0
426.1,221,-1.5,1,0,0,1,0,0
426,36,0,1,0,0,0,0,1
426,252,-1.6,0,1,0,1,0,0
425.9,369,-0.8,0,1,0,0,0,1
425.9,378,-0.3,0,1,0,0,0,1
425.9,46,-2.5,1,0,0,1,0,0
425.9,131,-0.6,1,0,0,0,0,1
425.7,160,-1.1,1,0,0,0,0,1
425.7,342,-0.8,0,1,0,0,0,1
425.6,393,-0.3,0,1,0,0,0,1
425.6,50,0.1,1,0,0,0,0,1
425.5,517,-1,0,1,0,1,0,0
425.5,64,-0.4,1,0,0,0,0,1
425.4,146,-0.9,1,0,0,0,0,1
425.4,83,-0.7,1,0,0,0,0,1
425.4,79,-0.2,1,0,0,0,0,1
425.3,224,-1.3,1,0,0,1,0,0
425.3,38,0.7,1,0,0,0,0,1
425.2,103,-1.7,1,0,0,1,0,0
425.2,66,-0.2,1,0,0,0,0,1
425.2,4,-1.7,1,0,0,0,0,1
425.2,52,-1.4,1,0,0,1,0,0
425.2,19,-1.6,1,0,0,0,0,1
425.1,2335,-0.9,0,1,0,1,0,0
425.1,2481,-0.8,0,1,0,1,0,0
424.9,43,2.2,1,0,0,0,1,0
424.9,1271,-1.6,0,1,0,1,0,0
424.8,51,-1.3,1,0,0,0,0,1
424.8,44,0.4,1,0,0,0,0,1
424.8,62,-0.5,1,0,0,0,0,1
424.7,106,-0.5,1,0,0,0,0,1
424.7,401,-0.5,1,0,0,0,0,1
424.7,42,0.4,1,0,0,0,0,1
424.7,1140,-6.8,0,1,0,1,0,0
424.6,27,-0.7,1,0,0,0,0,1
424.6,154,-0.2,0,1,0,0,0,1
424.6,21,-1.4,1,0,0,0,0,1
424.6,15,-1.6,1,0,0,0,0,1
424.4,320,0.2,1,0,0,0,0,1
424.4,98,0,0,1,0,0,0,1
424.2,13,0.1,1,0,0,0,0,1
424.2,91,0,1,0,0,0,0,1
424.2,1744,-2,0,1,0,1,0,0
424.1,42,-0.6,1,0,0,0,0,1
424,172,-1.2,1,0,0,1,0,0
423.8,1208,-0.8,0,1,0,1,0,0
423.8,1499,0.4,0,1,0,0,0,1
423.8,515,-0.5,1,0,0,0,0,1
423.6,88,0,1,0,0,0,0,1
423.6,2412,-0.2,0,1,0,0,0,1
423.6,194,0,1,0,0,0,0,1
423.5,9,-0.8,1,0,0,0,0,1
423.5,94,-6.5,1,0,0,1,0,0
423.5,54,-0.7,1,0,0,0,0,1
423.4,53,-0.2,1,0,0,0,0,1
423.3,339,-0.5,1,0,0,0,0,1
423.3,522,-2.6,0,1,0,1,0,0
423.3,289,0.6,1,0,0,0,0,1
423.2,226,-1.1,1,0,0,1,0,0
423.2,184,-1.3,1,0,0,0,0,1
423.1,192,-7.6,1,0,0,1,0,0
423.1,142,-0.1,1,0,0,0,0,1
423,151,-0.1,1,0,0,0,0,1
422.9,220,-1,1,0,0,1,0,0
422.7,257,-0.8,0,1,0,0,0,1
422.7,55,0,1,0,0,0,0,1
422.7,237,-0.4,0,1,0,0,0,1
422.7,53,-0.3,1,0,0,0,0,1
422.6,171,0,1,0,0,0,0,1
422.6,1694,-1.4,0,1,0,1,0,0
422.6,120,0.9,1,0,0,0,0,1
422.5,10414,-2.5,0,1,0,1,0,0
422.4,631,-1.2,0,1,0,1,0,0
422.3,6048,-1.1,0,1,0,1,0,0
422.3,457,-1.9,0,1,0,1,0,0
422.3,31,2.3,1,0,0,0,0,1
422.2,100,-2,1,0,0,0,0,1
422.2,62,-0.3,1,0,0,0,0,1
422.1,206,-0.7,0,1,0,0,0,1
422,24,0.7,1,0,0,0,0,1
421.9,125,-0.7,1,0,0,0,0,1
421.9,170,-0.2,1,0,0,0,0,1
421.9,214,-1.1,1,0,0,0,0,1
421.9,141,-0.4,1,0,0,0,0,1
421.8,3521,-1.6,0,1,0,1,0,0
421.8,201,-0.8,1,0,0,1,0,0
421.8,91,-0.1,1,0,0,0,0,1
421.7,1046,0.1,0,1,0,0,0,1
421.7,20,-1,1,0,0,0,0,1
421.7,14117,-0.3,0,1,0,0,0,1
421.7,58,-1.8,1,0,0,1,0,0
421.7,48,-0.1,1,0,0,0,0,1
421.6,48,-0.2,1,0,0,0,0,1
421.6,91,-13.3,1,0,0,1,0,0
421.5,886,0.5,0,1,0,0,0,1
421.5,163,0,1,0,0,0,0,1
421.2,92,-0.2,1,0,0,0,0,1
421.2,403,4.4,1,0,0,0,0,1
421.2,255,-0.2,0,1,0,0,0,1
421.1,52,-0.2,1,0,0,0,0,1
421.1,65,-1.4,1,0,0,1,0,0
421,62,-1.3,1,0,0,0,0,1
420.9,2733,0.7,0,1,0,0,0,1
420.9,821,-0.9,0,1,0,1,0,0
420.9,1091,-2.1,0,1,0,1,0,0
420.8,1050,-2.1,0,1,0,1,0,0
420.7,274,-0.5,1,0,0,0,0,1
420.7,1426,-3.9,0,1,0,1,0,0
420.6,1243,0.9,0,1,0,0,0,1
420.4,397,-0.6,0,1,0,0,0,1
420.4,141,-5.5,1,0,0,1,0,0
420.4,105,-0.4,1,0,0,0,0,1
420.4,85,0.5,1,0,0,0,0,1
420.2,219,-6.7,1,0,0,1,0,0
420.1,220,-1.1,1,0,0,1,0,0
419.9,70,-2.5,1,0,0,1,0,0
419.7,568,-4.8,0,1,0,1,0,0
419.7,436,-1.2,1,0,0,1,0,0
419.6,229,-0.3,0,1,0,0,0,1
419.6,464,-1,0,1,0,1,0,0
419.5,277,-0.5,1,0,0,0,0,1
419.4,66,-0.4,1,0,0,0,0,1
419.3,23,-0.8,1,0,0,0,0,1
419.2,222,0,1,0,0,0,0,1
419.2,31,0.2,1,0,0,0,0,1
419.1,42,-1,1,0,0,0,0,1
419,4761,0.8,0,1,0,0,1,0
419,112,-0.9,0,1,0,0,0,1
418.9,34,5.3,0,1,0,0,0,1
418.6,106,-0.8,1,0,0,0,0,1
418.5,15,2.2,1,0,0,0,0,1
418.3,461,-1.4,1,0,0,1,0,0
418.3,34,-0.6,1,0,0,0,0,1
418.2,52,0,1,0,0,0,0,1
418.2,18,-0.9,1,0,0,0,0,1
417.9,65,0,1,0,0,0,0,1
417.6,2281,-0.1,0,1,0,0,0,1
417.6,221,-8.5,0,1,0,1,0,0
417.5,1220,0.3,0,1,0,0,0,1
417.5,114,-0.6,1,0,0,0,0,1
417.5,253,-0.4,1,0,0,0,0,1
417.4,215,-0.7,1,0,0,0,0,1
417.3,68,-1,1,0,0,0,0,1
417.2,190,4.7,1,0,0,0,1,0
417.2,715,-0.4,0,1,0,0,0,1
417.2,64,0.2,1,0,0,0,0,1
417.1,66,0.1,1,0,0,0,0,1
417.1,229,-6.9,1,0,0,1,0,0
417.1,267,-0.7,0,1,0,0,0,1
417,5,1.1,1,0,0,0,0,1
416.9,184,-1,1,0,0,1,0,0
416.6,82,-0.8,1,0,0,0,0,1
416.5,64,0.2,1,0,0,0,0,1
416.3,6414,-1,0,1,0,1,0,0
416.2,801,2.6,0,1,0,0,0,1
416.2,62,-0.8,1,0,0,0,0,1
416.1,421,-0.6,0,1,0,0,0,1
416,335,-0.4,1,0,0,0,0,1
416,13,-0.6,0,1,0,0,0,1
416,58,-2.5,1,0,0,1,0,0
416,2671,-0.4,0,1,0,1,0,0
415.8,61,0.1,1,0,0,0,0,1
415.7,68,-1.5,1,0,0,1,0,0
415.5,22,0.6,1,0,0,0,0,1
415.5,208,-0.4,1,0,0,0,0,1
415.5,13,0.6,1,0,0,0,0,1
415.4,10,-1,1,0,0,0,0,1
415.3,141,-1.5,1,0,0,1,0,0
415.3,479,0,0,1,0,0,0,1
415.2,138,0.6,0,1,0,0,0,1
415.2,235,-1.1,1,0,0,0,0,1
415.1,130,-0.6,1,0,0,0,0,1
415.1,29,-0.2,1,0,0,0,0,1
415,1561,-0.8,0,1,0,1,0,0
415,27,-1.4,1,0,0,0,0,1
414.9,271,0.2,1,0,0,0,0,1
414.8,1103,1.2,0,1,0,0,1,0
414.7,123,0.3,1,0,0,0,0,1
414.6,68,1.6,1,0,0,0,0,1
414.5,908,0.1,0,1,0,0,0,1
414.5,1128,-1.2,0,1,0,1,0,0
414.4,37,-0.8,1,0,0,0,0,1
414.4,173,-1.1,1,0,0,0,0,1
414.3,1211,-1.5,0,1,0,1,0,0
414.2,270,-0.2,1,0,0,0,0,1
414,8022,-4.3,0,1,0,1,0,0
413.9,76,0.1,1,0,0,0,0,1
413.9,12,0,1,0,0,0,0,1
413.8,877,-0.6,0,1,0,0,0,1
413.8,97,0.7,1,0,0,0,0,1
413.7,530,-1.7,0,1,0,0,0,1
413.6,12218,-1,0,1,0,1,0,0
413.6,49,-0.6,0,1,0,0,0,1
413.6,92,-0.8,1,0,0,0,0,1
413.5,132,-0.1,1,0,0,0,0,1
413.5,357,-0.1,0,1,0,0,0,1
413.5,147,-0.6,1,0,0,0,0,1
413.4,1009,-2.4,0,1,0,0,0,1
413.3,28,1,0,1,0,0,0,1
413,52,-0.2,1,0,0,0,0,1
412.9,2300,-8.4,0,1,0,1,0,0
412.9,81,-1.1,1,0,0,0,0,1
412.8,425,-0.6,1,0,0,0,0,1
412.7,110,-6.2,0,1,0,1,0,0
412.7,53,-0.1,1,0,0,0,0,1
412.6,16,0.1,1,0,0,0,0,1
412.6,167,1.3,1,0,0,0,0,1
412.5,1282,-1.2,0,1,0,1,0,0
412.5,699,-0.8,0,1,0,1,0,0
412.3,48,-0.2,0,1,0,0,0,1
412.2,54,-0.5,1,0,0,0,0,1
412.1,1201,1.8,1,0,0,0,0,1
412,196,0.2,1,0,0,0,0,1
412,115,0.8,1,0,0,0,0,1
412,956,-1,0,1,0,1,0,0
411.9,131,-0.8,1,0,0,0,0,1
411.5,219,3.2,0,1,0,0,0,1
411.5,32,0.3,1,0,0,0,0,1
411.4,61,0.5,0,1,0,0,0,1
411.4,522,-1,0,1,0,1,0,0
411.4,95,-4.9,1,0,0,1,0,0
411.3,1321,-3.9,0,1,0,1,0,0
411.2,258,-0.8,1,0,0,1,0,0
410.9,217,-0.4,0,1,0,0,0,1
410.8,77,-8,1,0,0,1,0,0
410.7,76,-1.7,1,0,0,1,0,0
410.7,452,-0.8,1,0,0,1,0,0
410.7,147,-0.8,1,0,0,0,0,1
410.6,18,-0.4,1,0,0,0,0,1
410.5,355,-0.9,0,1,0,1,0,0
410.5,56,-0.7,0,1,0,0,0,1
410.3,139,-0.9,0,1,0,1,0,0
410.3,348,-0.8,1,0,0,0,0,1
410.2,16,-0.5,1,0,0,0,0,1
410.1,33,-0.3,1,0,0,0,0,1
410.1,319,-0.3,0,1,0,0,0,1
410,69,0.7,1,0,0,0,0,1
409.6,73,0.1,1,0,0,0,0,1
409.6,5781,-0.6,0,1,0,0,0,1
409.3,2909,-1.9,0,1,0,1,0,0
409.3,114,-0.7,1,0,0,0,0,1
409.2,849,-1,0,1,0,1,0,0
409.2,105,2.8,1,0,0,0,0,1
409.2,10,0.1,0,1,0,0,0,1
409,41,-1.8,1,0,0,0,0,1
408.8,669,-1.2,0,1,0,1,0,0
408.8,18,0.9,1,0,0,0,0,1
408.7,118,-0.2,1,0,0,0,0,1
408.6,43,0.1,1,0,0,0,0,1
408.5,369,0.5,0,1,0,0,0,1
408.5,30,1.5,1,0,0,0,0,1
408.4,87,-0.4,1,0,0,0,0,1
408.2,4092,-0.9,0,1,0,1,0,0
408.2,45,-0.1,1,0,0,0,0,1
408.2,257,1.2,0,1,0,0,1,0
408.2,7988,0.1,0,1,0,0,0,1
408.1,1757,-1.3,0,1,0,1,0,0
407.8,333,-0.7,1,0,0,0,0,1
407.8,15089,-0.7,0,1,0,1,0,0
407.8,5217,-0.6,0,1,0,1,0,0
407.7,767,-1.1,0,1,0,1,0,0
407.6,317,-0.6,0,1,0,0,0,1
407.5,51,-0.1,1,0,0,0,0,1
407.4,65,0.2,1,0,0,0,0,1
407.4,58,-1,0,1,0,0,0,1
407.3,102,0.1,1,0,0,0,0,1
407.3,86,0.1,1,0,0,0,0,1
407.2,137,0.1,1,0,0,0,0,1
407.2,72,-0.9,1,0,0,0,0,1
407.1,24,0.4,1,0,0,0,0,1
407.1,220,-3,1,0,0,1,0,0
407,61,0.7,1,0,0,0,0,1
407,554,-8.8,0,1,0,1,0,0
406.9,7111,-1.4,0,1,0,1,0,0
406.8,823,-1.1,0,1,0,1,0,0
406.8,1830,-0.5,0,1,0,1,0,0
406.8,709,1.1,0,1,0,0,0,1
406.7,213,-0.3,0,1,0,0,0,1
406.7,471,-0.2,1,0,0,0,0,1
406.7,155,-1.6,0,1,0,1,0,0
406.6,109,-0.5,1,0,0,0,0,1
406.5,73,-0.3,0,1,0,0,0,1
406.4,32,-0.7,1,0,0,0,0,1
406.4,134,1.5,1,0,0,0,1,0
406.4,228,-0.2,1,0,0,0,0,1
406.3,101,-0.6,1,0,0,0,0,1
406.3,28,6,1,0,0,0,0,1
406.3,776,-0.3,0,1,0,0,0,1
406.2,37,-0.5,1,0,0,0,0,1
406.1,182,-1,1,0,0,0,0,1
406,345,-1.2,0,1,0,0,0,1
405.7,90,-0.9,0,1,0,0,0,1
405.5,3187,-2.4,0,1,0,1,0,0
405.5,1848,-3.1,0,1,0,0,0,1
405.4,101,-0.9,1,0,0,1,0,0
405.3,4366,1,0,1,0,0,0,1
405.3,113,-1.9,1,0,0,1,0,0
405.2,23,0.7,1,0,0,0,0,1
405.2,1629,-2.5,0,1,0,1,0,0
405.2,52,-1.4,1,0,0,0,0,1
404.9,214,-1.1,0,1,0,1,0,0
404.7,550,-1.5,1,0,0,1,0,0
404.4,110,-0.6,1,0,0,0,0,1
404.2,14,4,1,0,0,0,0,1
404.1,2746,-0.8,0,1,0,1,0,0
404,17610,0.4,0,1,0,0,0,1
403.9,180,-0.5,1,0,0,0,0,1
403.9,122,-0.5,1,0,0,0,0,1
403.8,69,-1.3,1,0,0,0,0,1
403.7,77,-0.8,1,0,0,0,0,1
403.7,7,-2,1,0,0,0,0,1
403.7,18,-0.9,1,0,0,0,0,1
403.6,181,-0.3,1,0,0,0,0,1
403.4,21,-0.8,1,0,0,0,0,1
403.3,124,0,1,0,0,0,0,1
403.3,137,-7.8,1,0,0,1,0,0
403.2,83,-0.4,1,0,0,0,0,1
403.1,84,-1.2,1,0,0,1,0,0
403,47,-0.3,1,0,0,0,0,1
402.9,113,-4,1,0,0,0,0,1
402.9,127,4.3,1,0,0,0,0,1
402.9,58,-0.3,0,1,0,0,0,1
402.8,292,-0.3,1,0,0,0,0,1
402.8,455,-5.8,0,1,0,0,0,1
402.7,860,-7.4,0,1,0,1,0,0
402.7,1905,-0.7,0,1,0,1,0,0
402.6,209,-6.2,1,0,0,1,0,0
402.5,3355,-0.7,0,1,0,1,0,0
402.5,179,-1.8,1,0,0,1,0,0
402.3,85,-1.6,1,0,0,1,0,0
402,47,-0.1,1,0,0,0,0,1
401.9,5,1.8,1,0,0,0,0,1
401.9,2920,-0.9,0,1,0,1,0,0
401.8,63,0.2,1,0,0,0,0,1
401.8,168,-1.3,0,1,0,1,0,0
401.7,31,0.7,1,0,0,0,0,1
400.9,708,-1.3,1,0,0,1,0,0
400.5,323,0.1,1,0,0,0,0,1
400.4,4,-999,1,0,1,0,0,0
400.4,18,0,1,0,0,0,0,1
400.4,110,-0.6,1,0,0,0,0,1
400.4,492,-1.2,0,1,0,0,0,1
400.1,31,-0.1,1,0,0,0,0,1
400.1,145,-7.3,1,0,0,0,0,1
400.1,18,-1.9,1,0,0,0,0,1
400,87,-1.3,1,0,0,0,0,1
400,38,1.1,1,0,0,0,0,1
400,20,0.6,1,0,0,0,0,1
399.8,239,-1,1,0,0,0,0,1
399.5,316,-0.8,1,0,0,1,0,0
399.4,53,-0.3,1,0,0,0,0,1
399.4,25,-0.5,1,0,0,0,0,1
399.4,311,-1.1,0,1,0,1,0,0
399.3,18,-0.2,1,0,0,0,0,1
399.2,112,-0.4,1,0,0,0,0,1
399.2,11652,0,0,1,0,0,0,1
399.1,185,-7.8,1,0,0,0,0,1
399,131,0.7,0,1,0,0,0,1
398.8,3757,-1.3,0,1,0,1,0,0
398.8,432,1,0,1,0,0,1,0
398.8,22,-11.9,1,0,0,1,0,0
398.7,34,-1.2,1,0,0,0,0,1
398.6,1478,-1,0,1,0,1,0,0
398.6,8463,-0.7,0,1,0,1,0,0
398.5,121,8,1,0,0,0,0,1
398.5,304,-1.2,0,1,0,1,0,0
398.2,712,-1,1,0,0,1,0,0
398.1,36,-0.7,1,0,0,0,0,1
398,42,-0.6,1,0,0,0,0,1
397.9,5563,-0.5,0,1,0,1,0,0
397.9,93,-0.7,1,0,0,1,0,0
397.8,27,-0.2,1,0,0,0,0,1
397.8,10659,-1.9,0,1,0,1,0,0
397.7,185,-0.6,1,0,0,0,0,1
397.6,86,-0.9,0,1,0,0,0,1
397,110,-0.6,1,0,0,0,0,1
397,14,-0.2,1,0,0,0,0,1
396.9,145,-1.1,1,0,0,0,0,1
396.9,46,0.2,1,0,0,0,0,1
396.9,260,-0.4,0,1,0,0,0,1
396.5,32,0.6,1,0,0,0,0,1
396.5,33,-0.9,1,0,0,0,0,1
396.4,32,-1.8,1,0,0,0,0,1
396.4,27,6.4,1,0,0,0,0,1
396.2,466,-1.5,0,1,0,1,0,0
396.2,3138,-2.8,0,1,0,1,0,0
396.2,2101,-7.9,0,1,0,1,0,0
396,101,-1.4,1,0,0,1,0,0
395.8,46,-0.6,1,0,0,0,0,1
395.6,108,0,0,1,0,0,0,1
395.6,33,-0.5,0,1,0,0,0,1
395.3,181,-0.8,1,0,0,1,0,0
395.2,19841,-2.5,0,1,0,1,0,0
395,387,-0.4,0,1,0,0,0,1
394.7,219,-3,1,0,0,0,0,1
394.6,584,-1.6,0,1,0,1,0,0
394.6,3113,0.4,0,1,0,0,0,1
394.6,463,-5.9,1,0,0,1,0,0
394.5,64,-1.3,1,0,0,1,0,0
394.4,1041,-5.3,0,1,0,1,0,0
394.3,482,-0.8,0,1,0,1,0,0
394.3,58,-1.1,1,0,0,0,0,1
394.2,5034,0.6,0,1,0,0,0,1
394.1,90,-5.6,1,0,0,1,0,0
393.9,652,-0.4,0,1,0,0,0,1
393.9,43,-1.1,1,0,0,0,0,1
393.9,736,-0.3,0,1,0,0,0,1
393.8,114,-0.6,1,0,0,0,0,1
393.2,48,-0.5,1,0,0,0,0,1
393.2,191,-6.5,1,0,0,1,0,0
393.2,33,0.3,0,1,0,0,0,1
393.1,2744,-0.3,0,1,0,0,0,1
393.1,279,5,1,0,0,0,0,1
393,1720,0.2,0,1,0,0,0,1
392.9,61,0.8,1,0,0,0,1,0
392.7,64,0.3,1,0,0,0,0,1
392.5,42,-1.4,1,0,0,0,0,1
392.4,89,-0.4,0,1,0,0,0,1
392.2,175,-0.1,1,0,0,0,0,1
391.8,904,-3.3,0,1,0,1,0,0
391.8,20,-0.1,1,0,0,0,0,1
391.8,19,-3,1,0,0,1,0,0
391.6,8,1,1,0,0,0,0,1
391.4,9,-1.1,1,0,0,0,0,1
391.3,318,-0.9,0,1,0,1,0,0
391.3,50,-1.7,1,0,0,0,0,1
391.2,4218,-0.6,0,1,0,1,0,0
391.2,109,-0.8,1,0,0,0,0,1
391.1,260,-0.8,1,0,0,0,0,1
391,926,-2.5,0,1,0,1,0,0
390.8,87,-0.3,0,1,0,0,0,1
390.8,203,-7.7,1,0,0,1,0,0
390.8,14,-8.9,1,0,0,0,0,1
390.7,210,-0.6,1,0,0,0,0,1
390.6,26,12.5,1,0,0,0,0,1
390.6,53,-0.8,1,0,0,0,0,1
390.5,1440,-1.1,0,1,0,1,0,0
390.3,24,-0.8,1,0,0,0,0,1
390.3,86,-4.7,1,0,0,1,0,0
390.2,48,8,0,1,0,0,1,0
390.1,3806,-0.6,0,1,0,1,0,0
390,75,-1,1,0,0,0,0,1
389.8,2233,0,0,1,0,0,0,1
389.4,580,3.3,0,1,0,0,0,1
389.4,187,-1.4,1,0,0,1,0,0
389.4,2903,-1.8,0,1,0,1,0,0
389.4,227,1.7,1,0,0,0,1,0
389.2,575,-1.4,0,1,0,1,0,0
388.8,27,-1.1,1,0,0,0,0,1
388.7,411,-0.7,0,1,0,0,0,1
388.7,590,-5.6,1,0,0,1,0,0
388.2,310,-1.8,0,1,0,1,0,0
388.1,64,-0.5,1,0,0,0,0,1
387.8,25,-2.5,1,0,0,1,0,0
387.8,172,-1.2,0,1,0,1,0,0
387.7,14,0.7,1,0,0,0,0,1
387.6,62,-0.4,1,0,0,0,0,1
387.6,909,-0.8,0,1,0,0,0,1
387.6,357,-1.3,1,0,0,1,0,0
387.5,3273,-3.3,0,1,0,1,0,0
387.4,17,-8,1,0,0,1,0,0
387.2,150,-1.9,0,1,0,1,0,0
387.1,22,-0.6,1,0,0,0,0,1
387,141,-9.1,1,0,0,1,0,0
387,59,-0.1,0,1,0,0,0,1
386.9,91,-0.6,0,1,0,0,0,1
386.9,528,-1,1,0,0,1,0,0
386.9,253,-1,1,0,0,1,0,0
386.8,287,-1.8,1,0,0,1,0,0
386.7,200,-0.7,1,0,0,0,0,1
386.6,27,-0.3,1,0,0,0,0,1
386.6,177,-0.7,1,0,0,0,0,1
386.2,13,-1.3,1,0,0,0,0,1
386.2,107,-0.7,1,0,0,0,0,1
386.2,113,-0.4,1,0,0,0,0,1
386.1,78,-1.3,1,0,0,1,0,0
385.9,51,-1.2,1,0,0,0,0,1
385.7,46,0,1,0,0,0,0,1
385.7,516,-1.2,1,0,0,1,0,0
385.2,3173,-0.6,0,1,0,1,0,0
385,21,-0.4,1,0,0,0,0,1
384.7,36,1.4,1,0,0,0,0,1
384.5,4035,1,0,1,0,0,0,1
384.5,346,-1.3,1,0,0,1,0,0
384.3,137,4.2,0,1,0,0,0,1
384.3,357,-4.5,1,0,0,1,0,0
384.3,70,-0.1,1,0,0,0,0,1
384.3,79,-5.8,1,0,0,1,0,0
384.2,62,-1.8,1,0,0,1,0,0
384.2,24,-0.4,1,0,0,0,0,1
384.1,42,-1.2,1,0,0,0,0,1
384,8159,0.1,0,1,0,0,0,1
383.6,1516,-1.3,0,1,0,1,0,0
383.3,34,0.6,1,0,0,0,0,1
383.2,206,-1.1,1,0,0,0,0,1
383.1,201,-0.3,1,0,0,0,0,1
383,369,-0.9,0,1,0,0,0,1
382.8,370,-1.5,1,0,0,1,0,0
382.6,62,-1,0,1,0,0,0,1
382.5,33,-1.2,1,0,0,0,0,1
382.3,66,0.2,1,0,0,0,0,1
381.9,131,-1.2,0,1,0,1,0,0
381.8,32,-0.7,1,0,0,0,0,1
381.6,14,-1.7,1,0,0,0,0,1
381.6,964,0.3,0,1,0,0,0,1
381.4,12,-0.9,1,0,0,0,0,1
381.3,134,-0.7,1,0,0,0,0,1
381.1,59,-2.3,1,0,0,1,0,0
380,147,-1.5,1,0,0,1,0,0
379.6,11,-1.5,1,0,0,0,0,1
379.6,28,1.2,1,0,0,0,0,1
379.5,33,-0.9,1,0,0,0,0,1
379.1,95,-0.9,1,0,0,1,0,0
379,58,-1.6,1,0,0,0,0,1
378.9,978,-0.9,0,1,0,1,0,0
378.8,102,-1.1,1,0,0,0,0,1
378.8,2705,-1.1,0,1,0,1,0,0
378.5,2204,0.3,0,1,0,0,0,1
378.2,64,-9.1,1,0,0,0,0,1
378.1,153,-1.7,0,1,0,1,0,0
378.1,15,0.9,1,0,0,0,0,1
377.9,51,-16.6,1,0,0,1,0,0
377.7,12,-1.5,1,0,0,0,0,1
377.4,15,-2.2,1,0,0,1,0,0
377.3,50,-0.6,1,0,0,0,0,1
377.2,88,-1.1,0,1,0,0,0,1
376.7,24,0.3,1,0,0,0,0,1
376.7,79,-0.4,1,0,0,0,0,1
376.6,66,-0.7,1,0,0,0,0,1
376.2,82,-1.5,0,1,0,1,0,0
375.6,32,-2.2,1,0,0,1,0,0
375.3,160,-1,1,0,0,0,0,1
375.1,32,-0.2,1,0,0,0,0,1
375,353,-1.3,0,1,0,1,0,0
374.9,144,0.9,1,0,0,0,0,1
374.4,50,-1,1,0,0,0,0,1
374.3,93,-1,1,0,0,0,0,1
374.1,31,-1.5,0,1,0,0,0,1
373.9,101,-0.4,0,1,0,0,0,1
373.9,24,-0.8,1,0,0,0,0,1
373.8,1742,-1.5,0,1,0,1,0,0
373.6,91,0.2,1,0,0,0,0,1
373.4,358,-1.4,1,0,0,1,0,0
373.4,172,-1,1,0,0,0,0,1
373.4,85,-0.8,1,0,0,0,0,1
373.2,72,-1.5,1,0,0,0,0,1
372.9,1238,-1.2,0,1,0,1,0,0
372.7,278,3.1,1,0,0,0,1,0
372.4,40,-0.8,1,0,0,0,0,1
372.1,1158,-6.8,0,1,0,1,0,0
372.1,387,-0.6,1,0,0,1,0,0
372,9439,-1.8,0,1,0,1,0,0
372,2400,-1.9,0,1,0,1,0,0
371.7,24,-1.4,1,0,0,0,0,1
371.6,6999,-1.2,0,1,0,1,0,0
371.4,30,-2,1,0,0,1,0,0
371.1,42,-0.9,1,0,0,0,0,1
370.9,15,-1.6,1,0,0,0,0,1
370.7,5,-999,1,0,1,0,0,0
370.6,21,-0.9,1,0,0,0,0,1
370.5,82,0.1,1,0,0,0,0,1
370.3,53,-1.3,1,0,0,0,0,1
370,507,0.3,1,0,0,0,0,1
369.9,16,-1.8,1,0,0,1,0,0
369.5,21,-0.4,0,1,0,0,0,1
369.3,338,-1.2,1,0,0,1,0,0
369.2,121,0.1,1,0,0,0,0,1
369.2,5,-999,1,0,1,0,0,0
369.1,40827,-0.7,0,1,0,1,0,0
369.1,23,-1.3,1,0,0,0,0,1
369,12,0.1,1,0,0,0,0,1
368.7,9,-1.1,1,0,0,0,0,1
368.6,31,-1,1,0,0,0,0,1
368.6,1403,-1.2,0,1,0,1,0,0
368.5,45,0.3,1,0,0,0,0,1
368.3,251,-4.1,0,1,0,1,0,0
367.4,124,0.1,1,0,0,0,0,1
367.3,83,-2.1,1,0,0,1,0,0
366.6,49,-1.3,1,0,0,0,0,1
366.2,71,3.6,1,0,0,0,1,0
365.9,176,-0.4,1,0,0,0,0,1
365.7,49,0.4,1,0,0,0,0,1
365,36,-0.9,1,0,0,0,0,1
364.7,4,-1.1,1,0,0,0,0,1
364.6,489,-0.9,0,1,0,1,0,0
364.6,91,-1.5,1,0,0,1,0,0
364.6,1551,-0.4,0,1,0,1,0,0
364.5,73,-0.6,1,0,0,0,0,1
364,97,-0.3,1,0,0,0,0,1
363.9,51,-1.7,1,0,0,1,0,0
363.7,658,-2.8,0,1,0,1,0,0
363.7,60,-1.2,0,1,0,0,0,1
363.4,49,0,1,0,0,0,0,1
362.2,84,-0.2,1,0,0,0,0,1
362.1,49,-0.8,1,0,0,0,0,1
361.7,1564,-1,0,1,0,1,0,0
361.7,2756,2.3,0,1,0,0,1,0
361.5,28,-1.7,1,0,0,1,0,0
360.2,57,0.2,1,0,0,0,0,1
360.1,242,-0.8,1,0,0,1,0,0
360.1,126,-1.1,1,0,0,1,0,0
359.6,47,-2,0,1,0,1,0,0
359.6,751,-1.2,0,1,0,0,0,1
359.5,49,0.2,1,0,0,0,0,1
359.4,65,-1,1,0,0,0,0,1
359.3,41,-2.3,1,0,0,1,0,0
358.1,14,-0.5,1,0,0,0,0,1
357.7,15,-0.1,1,0,0,0,0,1
357.6,119,-0.3,1,0,0,0,0,1
357.4,105,-3.8,1,0,0,1,0,0
357.4,261,-2.2,1,0,0,1,0,0
357,27,-1.9,1,0,0,1,0,0
356.8,117,-1.9,1,0,0,1,0,0
356.3,137,-2.3,0,1,0,1,0,0
356.2,175,-2.8,1,0,0,1,0,0
356.2,73,-1,1,0,0,0,0,1
356,31,-1.7,1,0,0,0,0,1
355.9,11,-4,1,0,0,1,0,0
355.7,236,-1.7,1,0,0,0,0,1
355.6,875,2.4,0,1,0,0,1,0
355.6,121,-7.7,1,0,0,1,0,0
355.3,43,3.1,1,0,0,0,0,1
355.3,53,-1.5,1,0,0,1,0,0
355.2,38,-1.2,1,0,0,0,0,1
355,49,-0.3,1,0,0,0,0,1
354.9,48,-0.6,1,0,0,0,0,1
354.7,776,0.8,0,1,0,0,0,1
354.1,64,-1.4,1,0,0,1,0,0
353,118,0.8,0,1,0,0,0,1
352.9,168,0.7,0,1,0,0,0,1
352.7,28,-1.4,1,0,0,0,0,1
352.1,16,-1.7,1,0,0,0,0,1
351.9,20,-0.7,1,0,0,0,0,1
351.2,49,-0.9,1,0,0,0,0,1
350.7,128,-0.7,0,1,0,0,0,1
350.7,12,-1,1,0,0,0,0,1
350.5,80,-2.3,1,0,0,1,0,0
350.4,131,-1.4,1,0,0,0,0,1
350.2,1550,-1.4,0,1,0,1,0,0
350,82,-1.7,0,1,0,1,0,0
349.6,25,-1.6,1,0,0,0,0,1
349.5,51,-1.9,0,1,0,0,0,1
349.1,89,-1.6,0,1,0,0,0,1
349,82,0,1,0,0,0,0,1
349,13,-1.4,1,0,0,0,0,1
348.8,8,0.3,1,0,0,0,0,1
348.4,38,0,1,0,0,0,0,1
348.2,24,-1.7,1,0,0,0,0,1
348,137,-1,1,0,0,0,0,1
347.1,10,1.4,1,0,0,0,0,1
346.6,63,-1.3,1,0,0,0,0,1
346.2,27,-1.3,1,0,0,0,0,1
345.4,5,-1.7,1,0,0,0,0,1
345.4,169,-2.6,1,0,0,1,0,0
345.4,103,-1,1,0,0,0,0,1
345,53,1.2,1,0,0,0,1,0
344.4,146,-16,0,1,0,1,0,0
344.3,12,-2.6,1,0,0,0,0,1
344.2,209,-2.8,1,0,0,1,0,0
343.7,248,-1.9,0,1,0,1,0,0
343.6,50,-1.5,1,0,0,0,0,1
343.6,584,-3.7,0,1,0,1,0,0
343.4,40,-3.5,1,0,0,1,0,0
343.2,13,0.2,1,0,0,0,0,1
342.9,5,-5,1,0,0,1,0,0
342.9,6,-0.3,1,0,0,0,0,1
342.4,127,-1.7,1,0,0,1,0,0
341.3,54,-1.4,1,0,0,1,0,0
341.3,257,-2.2,1,0,0,1,0,0
341,21,-0.8,1,0,0,0,0,1
340.6,24,0.5,1,0,0,0,0,1
340.5,63,-12.6,0,1,0,1,0,0
340.3,46,-1,1,0,0,0,0,1
340.2,64,-1.3,1,0,0,0,0,1
340,156,-2.5,1,0,0,1,0,0
339.8,38,-0.2,1,0,0,0,0,1
339.2,41,9.4,1,0,0,0,0,1
338.6,28,-2.1,1,0,0,1,0,0
337.8,44,-1.7,1,0,0,1,0,0
337.7,537,-1.4,0,1,0,1,0,0
337.3,59,-1.8,1,0,0,0,0,1
337.1,4294,-1.3,0,1,0,1,0,0
336.5,367,-2.4,0,1,0,1,0,0
336.3,3,-999,1,0,1,0,0,0
334.7,58,-2.2,1,0,0,0,0,1
334.5,23,-4.8,1,0,0,1,0,0
334.3,33,-5,1,0,0,1,0,0
334,56,-1.2,1,0,0,0,0,1
334,72,0.1,1,0,0,0,0,1
333.7,33,-0.9,1,0,0,0,0,1
333.3,29,-1.9,1,0,0,0,0,1
332.4,178,-1.5,1,0,0,1,0,0
332,9,8.9,1,0,0,0,1,0
331.2,122,-0.1,1,0,0,0,0,1
331.1,92,-2.6,1,0,0,1,0,0
330.2,18,-2.1,1,0,0,0,0,1
329.9,130,-2,1,0,0,1,0,0
329.4,476,-0.9,0,1,0,1,0,0
328.9,132,3.8,1,0,0,0,0,1
328.6,128,-2.3,1,0,0,1,0,0
328.4,29,1.6,1,0,0,0,0,1
327.9,307,-1,1,0,0,1,0,0
327.2,16,-3.7,1,0,0,0,0,1
326.1,124,-0.8,1,0,0,0,0,1
326,126,-1.8,1,0,0,1,0,0
325.8,5,-2.6,1,0,0,0,0,1
325.3,36,-0.3,1,0,0,0,0,1
324.8,8,2.1,1,0,0,0,0,1
324,113,-2.5,0,1,0,1,0,0
323.8,453,-0.6,0,1,0,1,0,0
323.3,29,-2.1,1,0,0,1,0,0
323.2,10,-0.1,1,0,0,0,0,1
322.9,26,-1,1,0,0,0,0,1
322.6,1657,-13.1,0,1,0,1,0,0
321.8,21,0.8,1,0,0,0,0,1
321.7,26,-2,1,0,0,0,0,1
320.8,17,-1.2,1,0,0,0,0,1
319.8,86,-0.4,1,0,0,0,0,1
319.5,191,0.1,1,0,0,0,0,1
319.5,64,-2.5,1,0,0,1,0,0
318.8,154,-1.2,1,0,0,1,0,0
318.7,117,-6,0,1,0,1,0,0
318.7,699,-1.8,0,1,0,1,0,0
318.6,216,0.5,1,0,0,0,0,1
318.2,182,-0.1,1,0,0,0,0,1
318.1,127,-0.4,1,0,0,0,0,1
317.9,18,-1.6,1,0,0,0,0,1
316.2,35,-0.9,1,0,0,0,0,1
315.1,712,-17,0,1,0,1,0,0
314.3,15,0.1,1,0,0,0,0,1
314.2,185,-0.8,1,0,0,0,0,1
312.1,14,-5.3,1,0,0,1,0,0
311.9,72,-2,1,0,0,1,0,0
311.7,105,-3.1,1,0,0,1,0,0
311.6,26,-2.6,1,0,0,1,0,0
311.4,23,-0.5,1,0,0,0,0,1
311,264,-3.1,0,1,0,1,0,0
309.5,40,-5.3,1,0,0,1,0,0
305.9,222,-0.3,1,0,0,0,0,1
305.5,99,-2.1,1,0,0,1,0,0
304.8,24,-1.4,1,0,0,1,0,0
304.7,26,-0.2,1,0,0,0,0,1
302.9,170,-1.7,1,0,0,1,0,0
301.3,229,0.7,1,0,0,0,1,0
300.4,84,-4.3,1,0,0,1,0,0
299.7,11,-1.4,1,0,0,0,0,1
299.3,6,-1.9,1,0,0,0,0,1
298.6,19,-2.1,1,0,0,1,0,0
298,81,-2.2,1,0,0,1,0,0
298,41,-3,1,0,0,1,0,0
296.3,62,-1.2,1,0,0,0,0,1
295.8,131,-2,1,0,0,1,0,0
295.5,60,-0.5,1,0,0,0,0,1
294.9,21,-2.3,1,0,0,0,0,1
294.5,75,-2.3,1,0,0,1,0,0
293.7,49,-1.3,0,1,0,0,0,1
293.6,12,-1.8,1,0,0,0,0,1
293.6,18,-2.3,1,0,0,0,0,1
293,25,6.9,1,0,0,0,0,1
292.9,10,-0.1,1,0,0,0,0,1
292.7,43,-1.7,1,0,0,1,0,0
291.9,10,-1.8,1,0,0,0,0,1
291.8,5,-0.5,1,0,0,0,0,1
291.4,51,-0.6,1,0,0,0,0,1
290.7,43,-1.6,1,0,0,1,0,0
290.1,9,1,1,0,0,0,0,1
289.4,11,1.5,1,0,0,0,0,1
288.3,23,-3.4,1,0,0,1,0,0
287.7,9,-1.5,1,0,0,0,0,1
287.5,103,7,1,0,0,0,0,1
286.6,44,1.4,0,1,0,0,0,1
279.6,34,-31,1,0,0,1,0,0
277.4,28,-0.9,1,0,0,0,0,1
274.7,65,-4.4,0,1,0,1,0,0
274.1,7,1.2,1,0,0,0,0,1
274.1,75,1.7,1,0,0,0,0,1
273.1,4,-3.2,1,0,0,0,0,1
272.6,14,-1,1,0,0,0,0,1
272.4,8,-5.6,1,0,0,1,0,0
271,11,-2.7,1,0,0,0,0,1
268.9,22,-4.5,0,1,0,1,0,0
268.5,5,-999,1,0,1,0,0,0
262.9,104,-3.6,1,0,0,1,0,0
262.9,91,-5.6,0,1,0,1,0,0
262.9,28,-1.3,1,0,0,0,0,1
259.6,17,-3.8,1,0,0,1,0,0
239.6,9,-11.7,1,0,0,1,0,0
228.6,4,-999,1,0,1,0,0,0
226.4,8,-20.3,1,0,0,0,0,1
220.9,10,-1.8,1,0,0,0,0,1
219.1,7,-999,1,0,1,0,0,0
219,6,-2.1,0,1,0,0,0,1
208,10,-2.5,1,0,0,0,0,1
207.4,4,-1.6,1,0,0,0,0,1
182.3,3,-5.2,1,0,0,0,0,1
