row_index,site_id,fips
0,0100041,09150
1,0100108,09130
2,0100121,09150
3,0100124,09110
4,0100125,09150
5,0100156,09110
6,0100180,09140
7,0100201,09150
8,0100250,09140
9,0100251,09110
10,0100252,09190
11,0100255,09160
12,0100261,09180
13,0100265,09140
14,0100326,25017
15,0100350,25017
16,0100376,25005
17,0100380,25009
18,0100392,25021
19,0100432,25005
20,0100438,25017
21,0100442,25009
22,0100460,25003
23,0100464,25017
24,0100524,25017
25,0100550,25017
26,0100580,25017
27,0100655,25005
28,0100682,25005
29,0100685,25017
30,0100686,25017
31,0100717,25009
32,0100721,25003
33,0100726,25023
34,0100744,25005
35,0100747,25013
36,0100749,25017
37,0100750,25009
38,0100751,25027
39,0100948,25017
40,0100953,25017
41,0100960,25001
42,0100966,25027
43,0100967,25017
44,0100989,23013
45,0101010,23031
46,0101012,23011
47,0101014,23031
48,0101027,23005
49,0101028,23009
50,0101031,23011
51,0101036,23003
52,0101043,23019
53,0101054,23029
54,0101072,23031
55,0101073,23005
56,0101074,23003
57,0101085,33011
58,0101092,33011
59,0101105,33003
60,0101106,33015
61,0101107,33015
62,0101114,33015
63,0101123,33015
64,0101125,33017
65,0101127,33005
66,0101128,33017
67,0101137,33015
68,0101145,33011
69,0101146,33011
70,0101162,33015
71,0101208,33017
72,0101210,33015
73,0101213,33015
74,0101233,44007
75,0101247,44007
76,0101265,44007
77,0101277,44007
78,0101279,44009
79,0101283,44007
80,0101291,44007
81,0101292,44007
82,0101322,44009
83,0101388,44007
84,0101430,44009
85,0101431,44005
86,0101435,50003
87,0101437,50027
88,0101450,50003
89,0101463,50003
90,0101470,50007
91,0101475,50025
92,0101477,50005
93,0101491,50005
94,0101493,50003
95,0101713,25021
96,0101800,23019
97,0101826,25021
98,0101831,25017
99,0102032,25017
100,0102065,50017
101,0102071,50017
102,0102282,50003
103,0102723,33015
104,0102724,25005
105,0102953,09140
106,0103313,33007
107,0103584,23001
108,0106078,23005
109,0106144,25021
110,0200022,34005
111,0200034,34003
112,0200037,34039
113,0200078,34029
114,0200101,34003
115,0200109,34023
116,0200114,34013
117,0200136,34027
118,0200144,34035
119,0200146,34017
120,0200188,34015
121,0200200,34015
122,0200202,34011
123,0200203,34015
124,0200209,34011
125,0200232,34005
126,0200234,34037
127,0200273,34003
128,0200278,34007
129,0200280,34007
130,0200290,34037
131,0200299,34007
132,0200303,34023
133,0200307,34015
134,0200316,34003
135,0200327,34015
136,0200332,34027
137,0200333,34005
138,0200340,34013
139,0200346,34023
140,0200359,34035
141,0200362,34001
142,0200364,34015
143,0200375,34025
144,0200390,34033
145,0200397,34025
146,0200398,34023
147,0200401,34017
148,0200429,34023
149,0200431,34003
150,0200439,34005
151,0200450,34035
152,0200455,34039
153,0200474,34025
154,0200484,34017
155,0200489,34027
156,0200499,34023
157,0200516,34007
158,0200517,34023
159,0200528,34025
160,0200540,34029
161,0200549,34029
162,0200551,34007
163,0200552,34015
164,0200554,34005
165,0200557,34015
166,0200558,34025
167,0200569,34017
168,0200570,34023
169,0200573,34027
170,0200581,34005
171,0200582,34005
172,0200607,34023
173,0200613,34013
174,0200620,34005
175,0200625,34005
176,0200627,34007
177,0200638,34025
178,0200639,34001
179,0200653,34027
180,0200662,34029
181,0200663,34031
182,0200665,34003
183,0200670,34035
184,0200674,34003
185,0200675,34011
186,0200678,34009
187,0200681,34029
188,0200719,34027
189,0200724,34023
190,0200738,34029
191,0200739,34029
192,0200741,34025
193,0200742,34029
194,0200764,34025
195,0200765,34003
196,0200766,34027
197,0200767,34029
198,0200768,34027
199,0200770,34035
200,0200771,34035
201,0200772,34013
202,0200774,34019
203,0200775,34027
204,0200776,34023
205,0200781,34023
206,0200791,34005
207,0200792,34019
208,0200793,34007
209,0200794,34011
210,0200803,34001
211,0200830,34001
212,0200874,34011
213,0200986,34001
214,0200995,34005
215,0201073,34003
216,0201075,34041
217,0201094,34035
218,0201112,34023
219,0201116,34023
220,0201160,34025
221,0201162,34005
222,0201168,34027
223,0201174,34029
224,0201178,34001
225,0201184,36059
226,0201187,36059
227,0201188,36071
228,0201191,36087
229,0201192,36075
230,0201202,36033
231,0201207,36073
232,0201218,36083
233,0201219,36059
234,0201266,36063
235,0201290,36063
236,0201302,36051
237,0201324,36059
238,0201335,36103
239,0201338,36059
240,0201344,36059
241,0201346,36103
242,0201350,36039
243,0201452,36007
244,0201477,36059
245,0201491,36079
246,0201492,36071
247,0201507,36065
248,0201552,36001
249,0201588,36027
250,0201604,36015
251,0201644,36089
252,0201687,36017
253,0201706,36063
254,0201714,36103
255,0201716,36035
256,0201764,36025
257,0201766,36037
258,0201770,36025
259,0201830,36007
260,0201836,36075
261,0201858,36091
262,0201867,36105
263,0201872,72051
264,0201877,36009
265,0201887,36009
266,0201951,36059
267,0202045,36027
268,0202084,36091
269,0202088,36027
270,0202090,36089
271,0202093,36003
272,0202121,36059
273,0202125,36075
274,0202142,36015
275,0202150,36063
276,0202151,36029
277,0202153,36079
278,0202155,36059
279,0202182,36091
280,0202187,36103
281,0202198,36103
282,0202228,36007
283,0202229,36091
284,0202235,36007
285,0202236,36103
286,0202237,36007
287,0202239,36103
288,0202245,36103
289,0202257,36037
290,0202264,36007
291,0202267,36111
292,0202269,36119
293,0202277,36087
294,0202284,36027
295,0202301,36103
296,0202329,36007
297,0202330,36103
298,0202366,36053
299,0202425,36099
300,0202438,36065
301,0202439,36019
302,0202464,72075
303,0202480,72013
304,0202511,72077
305,0202533,72145
306,0202550,72069
307,0202558,72143
308,0202559,72057
309,0202609,36023
310,0202634,36103
311,0202636,36103
312,0202698,72137
313,0202749,78030
314,0202755,34023
315,0202816,36079
316,0202841,36103
317,0202869,72145
318,0202972,36059
319,0202979,72091
320,0202985,72013
321,0203129,36011
322,0203341,36073
323,0203382,36067
324,0203407,36047
325,0203408,36025
326,0203481,36037
327,0203535,34021
328,0203570,72137
329,0203580,34007
330,0203649,34013
331,0203733,34019
332,0203757,34025
333,0203853,36059
334,0203909,34007
335,0203945,36111
336,0203974,36059
337,0204003,34007
338,0204037,34011
339,0204061,34015
340,0204087,34015
341,0204096,34007
342,0204097,34035
343,0204148,36103
344,0204167,36059
345,0204175,36071
346,0204190,36111
347,0204218,36059
348,0204232,34013
349,0204234,36059
350,0204241,34025
351,0204260,34023
352,0204269,36027
353,0204284,36045
354,0204289,36011
355,0204407,36059
356,0204492,34019
357,0204538,72041
358,0205831,72095
359,0205848,72141
360,0205957,72125
361,0206222,36047
362,0206263,72013
363,0206276,34023
364,0206317,34003
365,0206319,72023
366,0206345,34037
367,0206452,72105
368,0206456,36063
369,0206479,36081
370,0206578,34013
371,0300031,11001
372,0300034,10003
373,0300058,10003
374,0300061,10005
375,0300069,10003
376,0300086,10003
377,0300089,10005
378,0300091,10003
379,0300092,10003
380,0300093,10003
381,0300095,10001
382,0300101,10001
383,0300106,10003
384,0300111,10001
385,0300123,10003
386,0300124,10001
387,0300125,10003
388,0300137,10003
389,0300191,10001
390,0300192,24015
391,0300243,24003
392,0300258,24025
393,0300265,24015
394,0300289,24510
395,0300292,24001
396,0300305,24037
397,0300313,24003
398,0300316,24015
399,0300338,24005
400,0300344,24510
401,0300348,24005
402,0300415,24033
403,0300420,24033
404,0300421,24025
405,0300423,24025
406,0300429,24037
407,0300430,24017
408,0300435,24003
409,0300444,42027
410,0300445,42091
411,0300446,42085
412,0300449,42029
413,0300517,42065
414,0300530,42085
415,0300563,42017
416,0300574,42045
417,0300579,42091
418,0300585,42017
419,0300596,42029
420,0300602,42011
421,0300614,42011
422,0300623,42095
423,0300624,42025
424,0300629,42091
425,0300643,42075
426,0300671,42079
427,0300694,42115
428,0300699,42081
429,0300701,42035
430,0300773,42029
431,0300811,42085
432,0300847,42091
433,0300862,42091
434,0300868,42029
435,0300881,42079
436,0300894,42091
437,0300911,42133
438,0300932,42001
439,0300939,42045
440,0300951,42101
441,0300963,42017
442,0300982,42017
443,0300995,42001
444,0301012,42091
445,0301029,42011
446,0301042,42003
447,0301087,42025
448,0301099,42069
449,0301103,42029
450,0301109,42077
451,0301139,42003
452,0301146,42091
453,0301156,42091
454,0301183,42091
455,0301185,42049
456,0301193,42091
457,0301208,42079
458,0301211,42095
459,0301218,42019
460,0301220,42069
461,0301226,42091
462,0301227,42003
463,0301228,42077
464,0301229,42049
465,0301231,42049
466,0301249,42077
467,0301252,42029
468,0301295,42043
469,0301322,42133
470,0301328,42071
471,0301343,42045
472,0301361,42071
473,0301376,42029
474,0301408,42101
475,0301426,42133
476,0301428,42093
477,0301432,42029
478,0301434,42011
479,0301436,42091
480,0301441,42133
481,0301442,42039
482,0301444,42083
483,0301447,42029
484,0301452,42091
485,0301453,42077
486,0301486,42091
487,0301506,42069
488,0301509,42015
489,0301517,42017
490,0301541,42085
491,0301543,42069
492,0301544,42003
493,0301546,42019
494,0301566,42077
495,0301568,42077
496,0301569,42087
497,0301570,42071
498,0301588,42107
499,0301590,42133
500,0301594,42001
501,0301595,42001
502,0301625,42011
503,0301733,42091
504,0301744,42077
505,0301755,42011
506,0301831,42089
507,0301833,42089
508,0301842,42091
509,0301849,42017
510,0301982,42013
511,0302401,42017
512,0302402,42011
513,0302420,42029
514,0302458,42055
515,0302460,42041
516,0302464,42089
517,0302466,42017
518,0302467,42055
519,0302514,51800
520,0302523,51003
521,0302526,51173
522,0302542,51177
523,0302565,51193
524,0302581,51041
525,0302592,51047
526,0302606,51187
527,0302607,51087
528,0302612,51005
529,0302624,51029
530,0302639,51800
531,0302659,51085
532,0302667,51740
533,0302680,51161
534,0302708,51143
535,0302737,51125
536,0302756,51199
537,0302762,51107
538,0302772,51069
539,0302775,51800
540,0302836,51740
541,0302840,51153
542,0302841,51740
543,0302848,51199
544,0302849,51041
545,0302852,51550
546,0302853,51810
547,0302858,51710
548,0302859,51700
549,0302862,51099
550,0302869,51199
551,0302883,54049
552,0302884,54061
553,0302940,54079
554,0302947,54049
555,0303045,54037
556,0303171,54057
557,0303196,42101
558,0303253,24015
559,0303257,42107
560,0303260,24043
561,0303307,42079
562,0303618,24015
563,0303677,54051
564,0303768,51650
565,0303820,42091
566,0303920,10003
567,0304017,54019
568,0304203,10005
569,0304257,42037
570,0304341,24003
571,0304462,24033
572,0304759,54107
573,0304985,54103
574,0305428,54035
575,0305521,42045
576,0305549,42101
577,0305679,42011
578,0306115,51740
579,0306645,10005
580,0306939,42091
581,0400073,01129
582,0400129,01117
583,0400144,01097
584,0400153,01129
585,0400306,01097
586,0400417,01097
587,0400443,01015
588,0400449,01121
589,0400460,12009
590,0400471,12057
591,0400485,12057
592,0400492,12033
593,0400512,12061
594,0400518,12039
595,0400520,12095
596,0400521,12069
597,0400536,12057
598,0400537,12057
599,0400548,12011
600,0400561,12086
601,0400563,12086
602,0400566,12086
603,0400572,12033
604,0400573,12033
605,0400578,12103
606,0400581,12086
607,0400599,12086
608,0400614,12031
609,0400622,12039
610,0400623,12105
611,0400627,12105
612,0400637,12127
613,0400642,12085
614,0400655,12095
615,0400657,12085
616,0400668,12099
617,0400674,12057
618,0400683,12095
619,0400684,12033
620,0400736,12086
621,0400746,12086
622,0400756,12011
623,0400769,12086
624,0400779,12057
625,0400785,12099
626,0400804,12063
627,0400818,12033
628,0400836,12033
629,0400853,12057
630,0400859,12031
631,0400897,12011
632,0400900,12086
633,0400901,12031
634,0400902,12063
635,0400903,12001
636,0400914,12057
637,0400916,12057
638,0400917,12121
639,0400919,12011
640,0400933,12031
641,0401044,12086
642,0401078,12011
643,0401202,12031
644,0401205,12005
645,0401208,12113
646,0401214,12031
647,0401221,12033
648,0401299,13245
649,0401315,13225
650,0401395,13205
651,0401411,13245
652,0401428,13095
653,0401627,13233
654,0401660,13233
655,0401699,13127
656,0401732,13295
657,0401838,13233
658,0401840,13095
659,0401854,13277
660,0401869,13153
661,0401879,13095
662,0401930,21157
663,0401977,21157
664,0401991,21091
665,0402059,21029
666,0402076,21149
667,0402081,21059
668,0402090,21093
669,0402104,21111
670,0402125,21111
671,0402127,21093
672,0402139,21069
673,0402171,21183
674,0402195,21029
675,0402253,28089
676,0402260,28159
677,0402275,47157
678,0402285,28043
679,0402288,28047
680,0402374,28109
681,0402405,28121
682,0402479,28091
683,0402489,28087
684,0402598,37021
685,0402634,37051
686,0402635,37051
687,0402647,37183
688,0402687,37045
689,0402718,37133
690,0402724,37197
691,0402753,37025
692,0402893,37089
693,0402957,37021
694,0403015,37183
695,0403028,37019
696,0403079,37071
697,0403095,37153
698,0403099,37125
699,0403122,37019
700,0403124,37087
701,0403168,37159
702,0403174,37049
703,0403185,37133
704,0403207,45045
705,0403224,45045
706,0403252,45077
707,0403254,45045
708,0403259,45063
709,0403262,45013
710,0403274,45079
711,0403275,45013
712,0403308,45031
713,0403309,45005
714,0403310,45083
715,0403343,45013
716,0403350,45019
717,0403362,45063
718,0403363,45079
719,0403371,45021
720,0403388,45023
721,0403400,45019
722,0403402,45063
723,0403404,45045
724,0403409,45083
725,0403425,45091
726,0403481,45091
727,0403485,45003
728,0403488,45013
729,0403508,28059
730,0403623,47113
731,0403684,47157
732,0403765,47065
733,0403783,47181
734,0403822,47047
735,0403838,47157
736,0403886,47069
737,0404004,47099
738,0404005,47047
739,0404006,47117
740,0404007,47065
741,0404043,47081
742,0404147,47017
743,0404152,47145
744,0404159,47157
745,0404170,37125
746,0404172,28073
747,0404199,12079
748,0404225,37097
749,0404239,21185
750,0404280,37013
751,0404285,01101
752,0404327,37077
753,0404343,01013
754,0404344,01073
755,0404345,01003
756,0404399,12011
757,0404439,13127
758,0404743,12031
759,0404746,12086
760,0404794,21145
761,0404896,45025
762,0405001,12057
763,0405125,21095
764,0405465,47145
765,0405489,37071
766,0405545,01089
767,0405546,01089
768,0405547,21037
769,0405550,45025
770,0405590,37129
771,0405619,37071
772,0405622,13127
773,0405643,45011
774,0405795,12057
775,0405823,12057
776,0406082,37183
777,0406299,01067
778,0406303,37119
779,0406469,12011
780,0406539,12057
781,0406597,37077
782,0406611,37097
783,0406753,47093
784,0406784,45019
785,0406819,37071
786,0406895,37021
787,0406909,12057
788,0406989,37087
789,0407047,47157
790,0407160,13121
791,0407378,47157
792,0407447,37125
793,0407449,13245
794,0407480,37129
795,0407492,12011
796,0407714,45065
797,0409895,37009
798,0410013,12117
799,0410033,13021
800,0410124,47157
801,0410161,37145
802,0410203,47033
803,0410232,12057
804,0410335,12117
805,0410384,12086
806,0410582,12031
807,0410686,47065
808,0410750,01073
809,0500018,18039
810,0500047,17163
811,0500078,17031
812,0500092,17023
813,0500125,17197
814,0500189,17007
815,0500197,17097
816,0500199,17043
817,0500229,17119
818,0500261,17141
819,0500272,17201
820,0500332,17097
821,0500340,17089
822,0500350,17027
823,0500357,17201
824,0500360,17121
825,0500396,17011
826,0500507,17119
827,0500542,17007
828,0500551,17007
829,0500574,17097
830,0500581,17097
831,0500585,17111
832,0500606,17043
833,0500628,17201
834,0500634,17099
835,0500648,17135
836,0500656,17001
837,0500753,17163
838,0500754,17091
839,0500755,17099
840,0500760,17043
841,0500942,17003
842,0500955,17201
843,0501082,17021
844,0501154,17095
845,0501164,17201
846,0501170,17197
847,0501174,17085
848,0501179,17197
849,0501181,17199
850,0501199,18039
851,0501215,18097
852,0501228,18067
853,0501275,18089
854,0501297,18091
855,0501308,18005
856,0501330,18083
857,0501343,18105
858,0501373,18089
859,0501376,18097
860,0501433,18089
861,0501439,18183
862,0501442,18011
863,0501482,18085
864,0501504,18091
865,0501540,18011
866,0501596,18039
867,0501611,18089
868,0501673,18005
869,0501696,18141
870,0501759,18105
871,0501761,18089
872,0501799,18003
873,0501800,18089
874,0501805,18059
875,0501812,18105
876,0501813,18039
877,0501814,18053
878,0501815,18011
879,0501816,18089
880,0501817,18119
881,0501954,18141
882,0501964,18157
883,0501967,18141
884,0501978,18141
885,0502150,18167
886,0502165,26081
887,0502168,26081
888,0502172,26049
889,0502194,26057
890,0502202,26077
891,0502220,26091
892,0502237,26021
893,0502238,26021
894,0502254,26025
895,0502255,26077
896,0502256,26125
897,0502310,26023
898,0502325,26077
899,0502332,26047
900,0502367,26005
901,0502372,26121
902,0502373,26121
903,0502388,26065
904,0502419,26081
905,0502432,26089
906,0502434,26163
907,0502440,26165
908,0502480,26165
909,0502486,26121
910,0502566,26121
911,0502576,26081
912,0502593,26099
913,0502600,26099
914,0502603,26121
915,0502634,26081
916,0502651,26115
917,0502686,26093
918,0502719,26035
919,0502729,26163
920,0502733,26159
921,0502734,26049
922,0502735,26099
923,0502742,26045
924,0502743,26081
925,0502756,26125
926,0502765,26125
927,0502775,26025
928,0502793,26121
929,0502812,26077
930,0502819,26087
931,0502845,26139
932,0502860,26103
933,0502876,26081
934,0502882,26125
935,0502931,26033
936,0502992,26085
937,0502993,26121
938,0502997,26065
939,0503000,26149
940,0503011,26025
941,0503012,26077
942,0503013,26029
943,0503014,26069
944,0503015,26067
945,0503019,26105
946,0503020,26093
947,0503023,26027
948,0503024,26009
949,0503025,26125
950,0503034,26061
951,0503169,26019
952,0503649,26081
953,0503675,26069
954,0503678,27037
955,0503686,27037
956,0503688,27035
957,0503695,27123
958,0503705,27131
959,0503722,27123
960,0503738,27003
961,0503754,27053
962,0503761,27137
963,0503767,27053
964,0503775,27053
965,0503776,27003
966,0503781,27021
967,0503786,27003
968,0503817,27053
969,0503823,27033
970,0503834,27003
971,0503840,27163
972,0503842,27111
973,0503845,27003
974,0503878,27037
975,0503888,27163
976,0503891,27149
977,0503892,27013
978,0503894,27137
979,0503896,27021
980,0503900,27007
981,0503901,27003
982,0503902,27159
983,0503903,27153
984,0503924,27145
985,0503926,27003
986,0503937,27041
987,0503946,27037
988,0504009,27003
989,0504010,27123
990,0504012,27053
991,0504014,39151
992,0504015,39113
993,0504128,39151
994,0504150,39157
995,0504223,39111
996,0504287,39037
997,0504305,39109
998,0504336,39087
999,0504385,39157
1000,0504401,39007
1001,0504404,39017
1002,0504434,39087
1003,0504445,39061
1004,0504496,39113
1005,0504541,39129
1006,0504544,39013
1007,0504558,39031
1008,0504568,39087
1009,0504586,39007
1010,0504617,39133
1011,0504619,39029
1012,0504620,39157
1013,0504684,39007
1014,0504688,39109
1015,0504693,39113
1016,0504722,39035
1017,0504723,39007
1018,0504820,39119
1019,0504821,39167
1020,0504822,39007
1021,0504824,39059
1022,0504850,39093
1023,0504896,39057
1024,0504934,39061
1025,0504935,39113
1026,0504939,39057
1027,0504945,55105
1028,0504946,55133
1029,0504952,55131
1030,0504973,55117
1031,0504986,55027
1032,0505007,55081
1033,0505009,55017
1034,0505024,55079
1035,0505029,55119
1036,0505034,55027
1037,0505040,55071
1038,0505043,55133
1039,0505057,55025
1040,0505068,55101
1041,0505071,55025
1042,0505073,55111
1043,0505078,55039
1044,0505087,55081
1045,0505088,55081
1046,0505095,55061
1047,0505114,55025
1048,0505115,55105
1049,0505117,55025
1050,0505136,55105
1051,0505164,55035
1052,0505165,55127
1053,0505166,55133
1054,0505168,55015
1055,0505169,55063
1056,0505170,55073
1057,0505177,55025
1058,0505178,55079
1059,0505180,55071
1060,0505181,55073
1061,0505186,55073
1062,0505188,55117
1063,0505257,55009
1064,0505340,27163
1065,0505540,17031
1066,0505544,55073
1067,0505842,26075
1068,0506449,27003
1069,0506898,55013
1070,0507087,39165
1071,0507352,17163
1072,0507364,17099
1073,0507548,39153
1074,0507723,55009
1075,0507952,55003
1076,0507962,39109
1077,0507973,39025
1078,0508132,39109
1079,0508134,17183
1080,0508142,18163
1081,0508170,17135
1082,0508642,18005
1083,0508678,18109
1084,0509136,27053
1085,0509238,39023
1086,0509938,18167
1087,0509950,39101
1088,0510063,26099
1089,0510164,39113
1090,0510210,55089
1091,0510229,18039
1092,0510362,26163
1093,0510389,26057
1094,0510399,18097
1095,0510407,17085
1096,0510459,39023
1097,0600006,48201
1098,0600023,05119
1099,0600064,05139
1100,0600077,05035
1101,0600124,05009
1102,0600136,05113
1103,0600151,05067
1104,0600184,05035
1105,0600216,05149
1106,0600236,05085
1107,0600246,05055
1108,0600317,22127
1109,0600387,22033
1110,0600428,22105
1111,0600472,22063
1112,0600512,22005
1113,0600573,22047
1114,0600574,22103
1115,0600576,22113
1116,0600633,22005
1117,0600646,22071
1118,0600647,22113
1119,0600652,22033
1120,0600653,22103
1121,0600770,22119
1122,0600805,35053
1123,0600806,35055
1124,0600816,35006
1125,0600819,35031
1126,0600827,35009
1127,0600877,35031
1128,0600879,35001
1129,0600897,35027
1130,0600907,35061
1131,0600911,35045
1132,0600988,40087
1133,0601010,40147
1134,0601045,40101
1135,0601160,40119
1136,0601172,40015
1137,0601256,40109
1138,0601258,40143
1139,0601269,40115
1140,0601357,40143
1141,0601494,22103
1142,0601510,40109
1143,0601644,48183
1144,0601695,48037
1145,0601732,48339
1146,0601735,48241
1147,0601752,48057
1148,0601975,48241
1149,0602026,48361
1150,0602027,48039
1151,0602033,48203
1152,0602105,48167
1153,0602108,48473
1154,0602297,48113
1155,0602349,48409
1156,0602464,48113
1157,0602482,48231
1158,0602488,48201
1159,0602498,48201
1160,0602505,48201
1161,0602570,48037
1162,0602601,48201
1163,0602703,48135
1164,0602800,48439
1165,0602803,48339
1166,0602804,48201
1167,0602809,48201
1168,0602895,48201
1169,0602920,48507
1170,0602922,48167
1171,0602943,48135
1172,0602954,48201
1173,0602956,48201
1174,0602957,48291
1175,0603555,48201
1176,0603606,48203
1177,0603609,48037
1178,0603610,48439
1179,0603651,05149
1180,0603790,05139
1181,0603977,22019
1182,0604050,35053
1183,0604060,48065
1184,0604068,35001
1185,0604293,22011
1186,0604299,35039
1187,0604486,05103
1188,0604491,22111
1189,0604674,40143
1190,0604848,22023
1191,0604942,40037
1192,0605008,48201
1193,0605009,48027
1194,0605015,48357
1195,0605023,48135
1196,0605043,48245
1197,0605116,35013
1198,0605144,35006
1199,0605177,48219
1200,0605240,48113
1201,0605264,48355
1202,0605363,48215
1203,0605386,35005
1204,0605460,48201
1205,0605517,22001
1206,0605649,48439
1207,0606565,48029
1208,0606611,48201
1209,0606614,48135
1210,0606760,48437
1211,0606869,48257
1212,0606872,48113
1213,0606965,48367
1214,0607068,40109
1215,0607093,48201
1216,0607147,40111
1217,0607497,22053
1218,0700020,29071
1219,0700034,19013
1220,0700039,19045
1221,0700094,19113
1222,0700110,19179
1223,0700137,19167
1224,0700145,19029
1225,0700181,19067
1226,0700185,19099
1227,0700204,19193
1228,0700237,19167
1229,0700244,19067
1230,0700260,19111
1231,0700286,19067
1232,0700297,19137
1233,0700312,19111
1234,0700316,19153
1235,0700324,19033
1236,0700325,19061
1237,0700337,19033
1238,0700347,19101
1239,0700413,19057
1240,0700447,20015
1241,0700468,20177
1242,0700496,20173
1243,0700513,20091
1244,0700521,20193
1245,0700580,20155
1246,0700602,20173
1247,0700631,20091
1248,0700663,20173
1249,0700667,20021
1250,0700677,20035
1251,0700694,20173
1252,0700743,20161
1253,0700777,29095
1254,0700780,29003
1255,0700878,29077
1256,0700881,29109
1257,0701039,29189
1258,0701102,29123
1259,0701151,29031
1260,0701153,29077
1261,0701210,29189
1262,0701237,29189
1263,0701266,29113
1264,0701290,29097
1265,0701345,29099
1266,0701378,29047
1267,0701392,29077
1268,0701439,29069
1269,0701442,29201
1270,0701474,29031
1271,0701494,29189
1272,0701639,29187
1273,0701651,29145
1274,0701753,29183
1275,0701757,29095
1276,0701773,29183
1277,0701913,31141
1278,0701973,31001
1279,0701974,31109
1280,0701986,31079
1281,0702000,31023
1282,0702001,31141
1283,0702020,31079
1284,0702031,31155
1285,0702086,31119
1286,0702089,29071
1287,0702287,31101
1288,0702377,31119
1289,0702403,20057
1290,0702514,29145
1291,0702515,29047
1292,0702917,29093
1293,0702918,29145
1294,0703044,20127
1295,0703065,19153
1296,0703396,20125
1297,0703481,31055
1298,0703541,29071
1299,0704351,31001
1300,0704456,31079
1301,0704738,31001
1302,0705023,29221
1303,0705026,20001
1304,0705027,29221
1305,0705032,29221
1306,0705326,20009
1307,0705443,29099
1308,0705803,29125
1309,0705842,29221
1310,0706042,19149
1311,0706143,29077
1312,0706200,31185
1313,0706550,20021
1314,0710226,31153
1315,0800017,56021
1316,0800030,08001
1317,0800076,08085
1318,0800115,08043
1319,0800159,08037
1320,0800186,08005
1321,0800244,08001
1322,0800247,08031
1323,0800257,08047
1324,0800260,08001
1325,0800261,08097
1326,0800357,08001
1327,0800359,08059
1328,0800360,08059
1329,0800377,30049
1330,0800378,30093
1331,0800379,30031
1332,0800384,30095
1333,0800392,30029
1334,0800402,30013
1335,0800403,30023
1336,0800412,30053
1337,0800416,30093
1338,0800445,30063
1339,0800527,38101
1340,0800546,46099
1341,0800585,46093
1342,0800596,49035
1343,0800636,49035
1344,0800641,49035
1345,0800649,49035
1346,0800679,49037
1347,0800680,49035
1348,0800690,49035
1349,0800694,49035
1350,0800697,49035
1351,0800705,49043
1352,0800743,49035
1353,0800753,49011
1354,0800755,49045
1355,0800760,49057
1356,0800792,56001
1357,0800852,56025
1358,0800866,08001
1359,0800867,49037
1360,0800892,08013
1361,0801057,30043
1362,0801085,08015
1363,0801194,08105
1364,0801208,30045
1365,0801257,49035
1366,0801303,30111
1367,0801478,08065
1368,0801507,30013
1369,0801528,49011
1370,0801545,49011
1371,0801644,49023
1372,0801646,08031
1373,0801668,46081
1374,0801669,08051
1375,0801674,49045
1376,0801699,30049
1377,0801709,30111
1378,0801914,30061
1379,0802497,08111
1380,0802630,08079
1381,0802654,49011
1382,0802700,08101
1383,0802704,49045
1384,0802850,30063
1385,0900252,06085
1386,0900510,04003
1387,0900517,04013
1388,0900648,04013
1389,0900672,04013
1390,0900673,04013
1391,0900677,04013
1392,0900684,04019
1393,0900884,04013
1394,0900885,04027
1395,0900890,04013
1396,0900899,06097
1397,0900917,06093
1398,0900923,06015
1399,0900956,06085
1400,0900993,06037
1401,0901126,06085
1402,0901128,06019
1403,0901129,06077
1404,0901134,06085
1405,0901135,06007
1406,0901181,06085
1407,0901202,06085
1408,0901206,06085
1409,0901242,06111
1410,0901257,06083
1411,0901287,06085
1412,0901290,06019
1413,0901293,06037
1414,0901325,06085
1415,0901326,06085
1416,0901344,06085
1417,0901389,06085
1418,0901391,06107
1419,0901398,06085
1420,0901425,06029
1421,0901482,06085
1422,0901489,06045
1423,0901490,06099
1424,0901513,06007
1425,0901554,06113
1426,0901661,06085
1427,0901680,06085
1428,0901685,06085
1429,0901718,06067
1430,0901736,06019
1431,0901755,06089
1432,0901757,06059
1433,0901841,06111
1434,0901854,06019
1435,0901938,06023
1436,0901951,06037
1437,0902019,06019
1438,0902025,06019
1439,0902040,06067
1440,0902075,06019
1441,0902091,06037
1442,0902092,06037
1443,0902093,06037
1444,0902134,06085
1445,0902140,06037
1446,0902226,06087
1447,0902228,06033
1448,0902249,06007
1449,0902250,06085
1450,0902251,06037
1451,0902252,06037
1452,0902254,06037
1453,0902439,06071
1454,0902440,06013
1455,0902527,06099
1456,0902617,06053
1457,0902620,06085
1458,0902632,06085
1459,0902660,06013
1460,0902673,06037
1461,0902708,06085
1462,0902715,06067
1463,0902722,06075
1464,0902725,06029
1465,0902731,06001
1466,0902732,06073
1467,0902734,06085
1468,0902737,06071
1469,0902740,06001
1470,0902742,06001
1471,0902751,06047
1472,0902759,06067
1473,0902760,06071
1474,0902761,06065
1475,0902762,06077
1476,0902767,06095
1477,0902770,06059
1478,0902778,06013
1479,0902783,06053
1480,0902785,06099
1481,0902790,06071
1482,0902792,06077
1483,0902793,06067
1484,0902825,66010
1485,0902876,15003
1486,0902904,15003
1487,0902923,15003
1488,0902959,32019
1489,0903020,32019
1490,0903253,06037
1491,0903349,06037
1492,0903438,06037
1493,0903986,06079
1494,0904343,06057
1495,0904481,15003
1496,0904596,06005
1497,0904786,06095
1498,0904837,06037
1499,0904950,06037
1500,0905049,04025
1501,0905334,06001
1502,0905346,06069
1503,0905902,06037
1504,0905945,06071
1505,1000017,02090
1506,1000073,02020
1507,1000082,02090
1508,1000110,02090
1509,1000128,02016
1510,1000155,02020
1511,1000174,16055
1512,1000190,16029
1513,1000195,16079
1514,1000201,16005
1515,1000213,16029
1516,1000219,16005
1517,1000236,16085
1518,1000256,16059
1519,1000302,16039
1520,1000305,16023
1521,1000339,41051
1522,1000361,41071
1523,1000362,41003
1524,1000370,41065
1525,1000373,41051
1526,1000383,41051
1527,1000421,41043
1528,1000424,41065
1529,1000438,41063
1530,1000455,41051
1531,1000527,41005
1532,1000546,41049
1533,1000551,53063
1534,1000557,53063
1535,1000559,53077
1536,1000579,53063
1537,1000590,53073
1538,1000597,53011
1539,1000611,53033
1540,1000612,53035
1541,1000614,53033
1542,1000662,53033
1543,1000682,53073
1544,1000705,53077
1545,1000736,53053
1546,1000744,53011
1547,1000753,53041
1548,1000824,53053
1549,1000830,53063
1550,1000835,53033
1551,1000836,53063
1552,1000845,53063
1553,1000850,53063
1554,1000851,53033
1555,1000875,53033
1556,1000878,53061
1557,1000948,53047
1558,1000949,53033
1559,1000961,53011
1560,1000979,53053
1561,1000981,53053
1562,1000995,53053
1563,1001003,53073
1564,1001030,53041
1565,1001070,53065
1566,1001074,53063
1567,1001090,53063
1568,1001102,53035
1569,1001105,53005
1570,1001106,53011
1571,1001107,53035
1572,1001111,53005
1573,1001113,53035
1574,1001114,53005
1575,1001117,53031
1576,1001118,53005
1577,1001121,53035
1578,1001122,53029
1579,1001123,53059
1580,1001127,53029
1581,1001131,53053
1582,1001133,53053
1583,1001134,53035
1584,1001137,53053
1585,1001139,53063
1586,1001146,02090
1587,1001206,53035
1588,1001249,53025
1589,1001308,16077
1590,1001371,53011
1591,1001455,02020
1592,1001508,41037
1593,1001733,53011
1594,1001761,53067
1595,1001865,41039
1596,1002020,53033
1597,1002095,16009
1598,1002155,41051
1599,1002171,53065
1600,1002174,53041
1601,1002476,41035
1602,1002616,41019
1603,1002655,53033
1604,1002857,53009
1605,1002907,53035
