Ranking,best_val_RMSE,MinValRMSE_ThisValRMSE_Gulf,TRIAL,EPOCH,validation_RMSE,training_RMSE,training_MSE,MSE: val - train,RMSE: val - train,R2,hidden_channels,lr,dropout,weight_decay,num_layers,aggr,activation,batch_norm,residual,lr_scheduler
1,51.31129837,0,165,478,51.31129837,67.32949066,4533.260742,-1900.411377,-16.01819229,0.226818383,64,0.007428187,0.037923891,0.072836281,4,mean,elu,FALSE,TRUE,step
2,51.31129837,0.0034523,177,433,51.31475067,60.75693512,3691.405273,-1058.20166,-9.442184448,0.226714313,64,0.008651704,0.019941496,0.035988451,4,mean,elu,FALSE,TRUE,step
3,51.31129837,0.11221695,218,465,51.42351532,58.41728973,3412.57959,-768.2016602,-6.993774414,0.223432779,64,0.007878802,0.018498721,0.121786737,4,mean,elu,FALSE,TRUE,cosine
4,51.31129837,0.13147736,261,495,51.44277573,61.90949631,3832.785645,-1186.426514,-10.46672058,0.222850978,64,0.00765825,0.026795201,0.022242414,4,mean,elu,TRUE,TRUE,step
5,51.31129837,0.13546753,181,460,51.4467659,60.09392929,3611.280518,-964.5109863,-8.647163391,0.222730458,64,0.009152328,0.020436133,0.05471617,4,mean,elu,FALSE,TRUE,step
6,51.31129837,0.15922546,232,498,51.47052383,64.32335663,4137.494141,-1488.279297,-12.85283279,0.222012341,64,0.008689517,0.032194568,1.79E-07,4,mean,elu,TRUE,TRUE,step
7,51.31129837,0.2302475,247,483,51.54154587,60.74214554,3689.608154,-1033.077393,-9.20059967,0.219863892,64,0.009948332,0.024421216,0.01171588,4,mean,elu,FALSE,TRUE,step
8,51.31129837,0.30764389,80,495,51.61894226,58.96740723,3477.155029,-812.6398926,-7.348464966,0.217519164,64,0.009330241,0.020442745,0.02931193,4,mean,elu,FALSE,TRUE,step
9,51.31129837,0.35917664,131,488,51.67047501,61.97055435,3840.349609,-1170.511719,-10.30007935,0.215956092,64,0.007205169,0.026769808,0.199484503,4,mean,elu,TRUE,TRUE,step
10,51.31129837,0.36725616,246,490,51.67855453,67.14506531,4508.459961,-1837.786865,-15.46651077,0.215710759,64,0.009614503,0.026529991,0.023374228,4,mean,elu,FALSE,TRUE,step
11,51.31129837,0.45609665,209,496,51.76739502,59.3260231,3519.577148,-839.7138672,-7.558628082,0.213011861,64,0.007770245,0.025420451,0.15525094,4,mean,elu,FALSE,TRUE,cosine
12,51.31129837,0.45811844,94,495,51.76941681,63.57343674,4041.581787,-1361.509277,-11.80401993,0.212950468,64,0.00709171,0.034156159,0.244898561,4,mean,elu,FALSE,TRUE,step
13,51.31129837,0.46377945,161,489,51.77507782,64.48081207,4157.775391,-1477.116699,-12.70573425,0.21277839,64,0.006005469,0.031527354,0.172989858,4,mean,elu,FALSE,TRUE,cosine
14,51.31129837,0.47992325,259,487,51.79122162,61.45159149,3776.298096,-1093.967529,-9.660369873,0.212287426,64,0.007606842,0.027833735,0.047404307,4,mean,elu,TRUE,TRUE,step
15,51.31129837,0.50118637,166,451,51.81248474,68.67419434,4716.144531,-2031.611084,-16.86170959,0.211640358,64,0.007846388,0.039318486,0.027067362,4,mean,relu,FALSE,TRUE,step
16,51.31129837,0.50587463,146,489,51.817173,69.89245605,4884.955078,-2199.935791,-18.07528305,0.211497784,64,0.008724753,0.034493455,0.150560678,4,mean,elu,TRUE,TRUE,step
17,51.31129837,0.51580048,141,435,51.82709885,66.07419586,4365.799316,-1679.750977,-14.24709702,0.211195588,64,0.006724106,0.032094706,0.154152044,4,mean,elu,TRUE,TRUE,step
18,51.31129837,0.52721787,185,373,51.83851624,67.57349396,4566.176758,-1878.944824,-15.73497772,0.210847914,64,0.00680853,0.040601809,0.053404793,4,mean,elu,FALSE,TRUE,step
19,51.31129837,0.53306961,126,398,51.84436798,71.72389984,5144.317871,-2456.479248,-19.87953186,0.210669816,64,0.007679419,0.034588541,0.078184952,4,mean,elu,TRUE,TRUE,cosine
20,51.31129837,0.55622482,249,500,51.86752319,57.11707687,3262.360352,-572.1203613,-5.24955368,0.209964514,64,0.010362992,0.009023156,0.016539975,4,mean,elu,FALSE,TRUE,step
21,51.31129837,0.57190704,153,485,51.88320541,58.83030319,3461.004639,-769.1374512,-6.947097778,0.209486723,64,0.004673171,0.022301842,0.098433343,4,mean,elu,TRUE,TRUE,step
22,51.31129837,0.57588577,72,497,51.88718414,63.18203354,3991.969238,-1299.689453,-11.2948494,0.209365606,64,0.007209043,0.02609933,2.77E-06,4,mean,elu,FALSE,FALSE,cosine
23,51.31129837,0.5945282,111,386,51.90582657,64.49205017,4159.224121,-1465.009277,-12.5862236,0.208797276,64,0.00653404,0.044893918,0.148679975,4,mean,elu,FALSE,FALSE,cosine
24,51.31129837,0.60874176,101,494,51.92004013,63.98734665,4094.380371,-1398.689941,-12.06730652,0.20836401,64,0.005978254,0.031121001,0.112221894,4,mean,elu,FALSE,TRUE,cosine
25,51.31129837,0.63834381,91,442,51.94964218,66.63724518,4440.521973,-1741.756592,-14.687603,0.207461,64,0.006541245,0.032954458,0.125499346,4,mean,elu,FALSE,TRUE,step
26,51.31129837,0.65534592,201,449,51.96664429,63.25458908,4001.142822,-1300.610596,-11.28794479,0.206942082,64,0.009800312,0.027441795,0.047149487,4,mean,elu,TRUE,TRUE,step
27,51.31129837,0.66483307,102,492,51.97613144,63.2384491,3999.101318,-1297.583008,-11.26231766,0.206652522,64,0.011325975,0.03196557,0.10083748,4,mean,elu,FALSE,TRUE,cosine
28,51.31129837,0.67043304,42,481,51.98173141,64.20085144,4121.749512,-1419.648926,-12.21912003,0.206481516,64,0.005364372,0.039050788,1.93E-07,4,mean,leaky_relu,FALSE,TRUE,step
29,51.31129837,0.68161774,237,491,51.99291611,62.20731354,3869.75,-1166.486572,-10.21439743,0.206140041,64,0.00552521,0.034422854,0.190093894,4,max,elu,FALSE,TRUE,cosine
30,51.31129837,0.68865585,57,430,51.99995422,63.13877106,3986.504639,-1282.509277,-11.13881683,0.205925167,64,0.003243044,0.036133299,1.59E-07,3,mean,elu,FALSE,FALSE,step
31,51.31129837,0.69041061,236,481,52.00170898,59.2522583,3510.830078,-806.6523438,-7.250549316,0.205871522,64,0.011817032,0.021902429,0.131910277,2,mean,elu,TRUE,TRUE,step
32,51.31129837,0.70265198,134,374,52.01395035,61.81091309,3820.589111,-1115.137939,-9.796962738,0.205497503,64,0.009325571,0.016243352,2.04E-07,4,mean,elu,TRUE,TRUE,step
33,51.31129837,0.70322418,262,477,52.01452255,61.41056824,3771.258057,-1065.747559,-9.396045685,0.205480099,64,0.007581701,0.023114522,0.017863319,4,mean,elu,TRUE,TRUE,step
34,51.31129837,0.72547913,265,413,52.0367775,66.71939087,4451.477539,-1743.651367,-14.68261337,0.20480001,64,0.006965599,0.030144549,0.012637991,4,mean,elu,TRUE,TRUE,step
35,51.31129837,0.72713852,193,480,52.03843689,63.5096817,4033.479492,-1325.480469,-11.47124481,0.204749346,64,0.00473756,0.042083718,0.038442727,4,mean,elu,FALSE,TRUE,step
36,51.31129837,0.72855377,211,493,52.03985214,63.92839432,4086.839844,-1378.693604,-11.88854218,0.204706132,64,0.010197435,0.029805569,0.157435518,4,mean,elu,FALSE,TRUE,cosine
37,51.31129837,0.74692917,162,497,52.05822754,61.59471893,3793.909424,-1083.850342,-9.536491394,0.204144418,64,0.006046771,0.029782594,0.085504611,4,mean,elu,FALSE,TRUE,cosine
38,51.31129837,0.7700882,70,499,52.08138657,55.10816574,3036.909912,-324.439209,-3.026779175,0.203436196,64,0.004535713,0.012482715,4.90E-07,4,mean,elu,FALSE,FALSE,cosine
39,51.31129837,0.79034424,200,487,52.10164261,61.02881241,3724.516113,-1009.934814,-8.9271698,0.202816188,64,0.004354005,0.013085971,0.10754492,4,mean,leaky_relu,FALSE,TRUE,step
40,51.31129837,0.79920578,175,452,52.11050415,65.85561371,4336.961914,-1621.457275,-13.74510956,0.202545226,64,0.006164754,0.039792607,0.397363989,4,mean,elu,TRUE,TRUE,step
41,51.31129837,0.81089783,112,498,52.1221962,62.89638901,3955.955566,-1239.232178,-10.77419281,0.202187419,64,0.005709902,0.034917163,0.160154853,4,mean,elu,FALSE,TRUE,cosine
42,51.31129837,0.83164978,221,466,52.14294815,61.83054352,3823.016113,-1104.128906,-9.687595367,0.201551855,64,0.007487195,0.026117365,0.087051358,4,mean,elu,FALSE,TRUE,cosine
43,51.31129837,0.8321228,163,472,52.14342117,61.45621872,3776.866699,-1057.930176,-9.312797546,0.201537371,64,0.006444692,0.028859932,0.099327338,4,mean,elu,FALSE,TRUE,cosine
44,51.31129837,0.85770416,93,453,52.16900253,66.33573151,4400.429688,-1678.824707,-14.16672897,0.200753748,64,0.006538198,0.03444414,0.174719077,4,mean,elu,FALSE,TRUE,step
45,51.31129837,0.86896896,238,500,52.18026733,62.60182571,3918.98877,-1196.208496,-10.42155838,0.200408578,64,0.005821601,0.033506966,0.220865964,4,max,elu,FALSE,TRUE,cosine
46,51.31129837,0.87124634,257,484,52.18254471,63.05451202,3975.871582,-1252.85376,-10.87196732,0.200338841,64,0.008456952,0.027940096,0.027624497,4,mean,elu,FALSE,TRUE,step
47,51.31129837,0.88114548,11,478,52.19244385,59.58397293,3550.25,-826.1989746,-7.391529083,0.200035453,64,0.00612445,0.018738413,0.308327944,4,mean,leaky_relu,FALSE,TRUE,step
48,51.31129837,0.88590241,231,485,52.19720078,59.07422256,3489.763916,-765.2163086,-6.87702179,0.199889541,64,0.009927929,0.010740659,8.74E-08,4,mean,elu,TRUE,TRUE,step
49,51.31129837,0.90634918,62,490,52.21764755,67.10404968,4502.953125,-1776.270508,-14.88640213,0.1992625,64,0.007334209,0.043437431,1.12E-06,4,mean,elu,FALSE,FALSE,step
50,51.31129837,0.92620468,220,499,52.23750305,55.48621368,3078.719727,-349.9631348,-3.248710632,0.198653638,64,0.008698271,0.005672127,0.056853846,4,mean,elu,TRUE,TRUE,cosine
51,51.31129837,0.92622757,210,458,52.23752594,59.01862717,3483.198242,-754.439209,-6.781101227,0.198652804,64,0.007843008,0.008567514,6.17E-05,4,mean,relu,FALSE,TRUE,cosine
52,51.31129837,0.92989731,96,436,52.24119568,65.43859863,4282.209961,-1553.067627,-13.19740295,0.198540211,64,0.006224919,0.037796918,0.138570802,4,mean,elu,FALSE,TRUE,cosine
53,51.31129837,0.93249893,81,485,52.2437973,63.31001282,4008.157715,-1278.743164,-11.06621552,0.198460281,64,0.009450371,0.020183877,0.185602795,4,mean,elu,FALSE,TRUE,step
54,51.31129837,0.93501663,234,494,52.246315,67.58140564,4567.246582,-1837.569092,-15.33509064,0.198383153,64,0.00662151,0.042538279,2.51E-07,4,sum,elu,TRUE,TRUE,step
55,51.31129837,0.93726349,113,408,52.24856186,63.09450531,3980.916748,-1251.004395,-10.84594345,0.198314071,64,0.005359757,0.031732773,0.145609007,4,mean,elu,FALSE,TRUE,cosine
56,51.31129837,0.97836685,213,499,52.28966522,65.22757721,4254.637207,-1520.428223,-12.93791199,0.19705236,64,0.007635359,0.038128716,0.395047089,4,mean,elu,FALSE,TRUE,cosine
57,51.31129837,0.99707413,83,492,52.3083725,60.95701599,3715.757568,-979.5915527,-8.648643494,0.196477652,64,0.004584207,0.02098565,0.067132548,4,mean,elu,FALSE,TRUE,step
58,51.31129837,0.9980545,25,492,52.30935287,63.24577332,4000.028076,-1263.759766,-10.93642044,0.196447611,64,0.005431348,0.031765633,1.38E-05,4,mean,elu,FALSE,TRUE,step
59,51.31129837,1.01501083,92,499,52.3263092,73.74476624,5438.290527,-2700.248047,-21.41845703,0.195926666,64,0.014248556,0.048031915,0.040893294,4,mean,elu,FALSE,TRUE,step
60,51.31129837,1.05786896,164,499,52.36916733,68.87174988,4743.318359,-2000.788574,-16.50258255,0.194608808,64,0.009154242,0.048886981,0.196194955,4,mean,elu,FALSE,TRUE,step
61,51.31129837,1.06105423,31,388,52.3723526,72.03372192,5188.857422,-2445.994141,-19.66136932,0.194510818,64,0.006199873,0.079623878,7.87E-07,4,mean,leaky_relu,FALSE,TRUE,step
62,51.31129837,1.07540131,244,500,52.38669968,64.03709412,4100.749512,-1356.383301,-11.65039444,0.194069505,64,0.007021541,0.033708881,0.242626463,4,mean,elu,FALSE,TRUE,cosine
63,51.31129837,1.07948303,88,493,52.3907814,63.03319931,3973.184082,-1228.390137,-10.64241791,0.193943918,64,0.003642346,0.020874362,0.016066281,4,mean,elu,TRUE,TRUE,step
64,51.31129837,1.09194565,214,453,52.40324402,61.56507111,3790.258057,-1044.158203,-9.161827087,0.193560362,64,0.00908149,0.018406341,0.18277145,4,mean,elu,FALSE,TRUE,cosine
65,51.31129837,1.09833908,6,481,52.40963745,61.93655777,3836.137207,-1089.367188,-9.526920319,0.193363667,128,0.007123458,0.03213792,3.91E-06,3,mean,elu,FALSE,FALSE,cosine
66,51.31129837,1.11301422,180,494,52.42431259,66.74629211,4455.067383,-1706.758789,-14.32197952,0.192911804,64,0.004946434,0.048344,0.0037783,4,mean,relu,FALSE,TRUE,step
67,51.31129837,1.11732483,116,489,52.4286232,54.54389191,2975.036133,-226.2756348,-2.115268707,0.192779124,64,0.006803881,0.006423183,0.001715368,4,mean,elu,FALSE,FALSE,cosine
68,51.31129837,1.11999893,212,473,52.4312973,62.98958588,3967.687988,-1218.646973,-10.55828857,0.192696691,64,0.006120736,0.025554632,0.114602087,4,mean,elu,FALSE,TRUE,cosine
69,51.31129837,1.13022232,183,488,52.44152069,60.74654388,3690.142822,-940.029541,-8.305023193,0.19238174,64,0.007512403,0.007047967,0.015047828,4,mean,elu,FALSE,TRUE,step
70,51.31129837,1.13759613,208,476,52.4488945,65.24571228,4257.00293,-1506.116455,-12.79681778,0.192154646,64,0.006465291,0.04531306,0.093721707,4,mean,elu,TRUE,FALSE,step
71,51.31129837,1.15177155,216,491,52.46306992,62.99817276,3968.769531,-1216.395996,-10.53510284,0.191717982,64,0.006728435,0.025037517,2.27E-05,4,mean,elu,TRUE,TRUE,none
72,51.31129837,1.15498734,108,409,52.46628571,59.211483,3505.999512,-753.2885742,-6.745197296,0.1916188,96,0.004403444,0.026632475,0.009446894,4,mean,relu,FALSE,TRUE,cosine
73,51.31129837,1.15788651,226,500,52.46918488,62.40687561,3894.618164,-1141.602783,-9.937690735,0.191529572,64,0.006899737,0.028338523,0.216993445,4,mean,leaky_relu,FALSE,TRUE,step
74,51.31129837,1.1606102,196,485,52.47190857,60.21583176,3625.946533,-872.6452637,-7.743923187,0.19144553,64,0.00550803,0.026732752,0.054672477,4,mean,elu,FALSE,TRUE,cosine
75,51.31129837,1.16556549,187,462,52.47686386,60.14908218,3617.912109,-864.0910645,-7.672218323,0.191292822,64,0.006642581,0.022457528,0.108699697,4,mean,leaky_relu,FALSE,TRUE,step
76,51.31129837,1.16682053,99,486,52.4781189,68.07124329,4633.693848,-1879.740967,-15.59312439,0.191254258,64,0.005023409,0.050460824,0.525202199,4,mean,elu,FALSE,FALSE,step
77,51.31129837,1.17160416,61,437,52.48290253,69.53000641,4834.421387,-2079.966309,-17.04710388,0.191106796,64,0.009052451,0.050295259,1.21E-06,4,mean,elu,FALSE,FALSE,step
78,51.31129837,1.17911148,125,490,52.49040985,57.36500549,3290.743896,-535.5007324,-4.874595642,0.190875471,64,0.005657373,0.011171776,1.31E-07,4,mean,elu,FALSE,FALSE,step
79,51.31129837,1.19617462,189,466,52.50747299,66.61508942,4437.569824,-1680.535156,-14.10761642,0.190349281,64,0.008129382,0.036993678,0.00065384,4,mean,elu,FALSE,TRUE,cosine
80,51.31129837,1.19675446,45,497,52.50805283,74.87486267,5606.245117,-2849.149658,-22.36680984,0.19033134,64,0.009892357,0.067723962,1.07E-08,4,mean,leaky_relu,FALSE,FALSE,step
81,51.31129837,1.20304871,33,429,52.51434708,63.84578323,4076.283936,-1318.5271,-11.33143616,0.190137088,64,0.005536715,0.031939828,1.03E-07,4,mean,leaky_relu,FALSE,TRUE,step
82,51.31129837,1.21208191,215,499,52.52338028,64.60948944,4174.385742,-1415.680176,-12.08610916,0.189858496,64,0.005169538,0.035441725,0.075607952,4,mean,elu,FALSE,TRUE,step
83,51.31129837,1.21960831,85,401,52.53090668,61.71919632,3809.259277,-1049.763184,-9.188289642,0.189626336,64,0.00494683,0.023046465,0.027941396,4,mean,elu,FALSE,TRUE,step
84,51.31129837,1.24170303,194,498,52.5530014,58.64131165,3438.803223,-676.9851074,-6.088310242,0.188944459,64,0.0072535,0.010098594,0.182755209,4,mean,elu,FALSE,TRUE,step
85,51.31129837,1.25566864,127,412,52.56696701,65.10926819,4239.217285,-1475.931152,-12.54230118,0.188513339,64,0.008160191,0.034226392,0.021880486,4,mean,elu,TRUE,TRUE,cosine
86,51.31129837,1.26449204,105,494,52.57579041,73.68429565,5429.375488,-2665.161865,-21.10850525,0.188240945,64,0.008999925,0.061491889,0.019269857,4,mean,elu,FALSE,TRUE,cosine
87,51.31129837,1.28205109,255,487,52.59334946,57.14679337,3265.756104,-499.6958008,-4.553443909,0.187698662,64,0.011058095,0.010020878,0.013928785,4,mean,elu,FALSE,TRUE,step
88,51.31129837,1.28659439,169,443,52.59789276,66.02780914,4359.671387,-1593.133057,-13.42991638,0.187558293,64,0.01122755,0.036659296,0.064213936,3,mean,relu,FALSE,TRUE,step
89,51.31129837,1.31095505,235,419,52.62225342,66.86480713,4470.902832,-1701.80127,-14.24255371,0.186805546,64,0.007857253,0.029419284,0.075508038,4,mean,elu,TRUE,TRUE,step
90,51.31129837,1.31518936,90,455,52.62648773,68.57372284,4702.355469,-1932.808105,-15.94723511,0.186674595,64,0.011716235,0.031799954,0.661549292,4,mean,elu,FALSE,TRUE,step
91,51.31129837,1.33323288,65,467,52.64453125,72.53233337,5260.938965,-2489.492432,-19.88780212,0.186116874,64,0.006883673,0.082091691,5.54E-05,4,mean,elu,FALSE,FALSE,step
92,51.31129837,1.33423615,199,471,52.64553452,70.48285675,4967.833008,-2196.280518,-17.83732224,0.18608588,64,0.008823039,0.036764433,0.271445146,4,mean,elu,FALSE,TRUE,cosine
93,51.31129837,1.34864044,222,433,52.65993881,67.56229401,4564.663086,-1791.593994,-14.90235519,0.185640395,64,0.01079855,0.034469863,0.1711985,4,mean,elu,FALSE,TRUE,cosine
94,51.31129837,1.37276459,172,494,52.68406296,60.60743332,3673.260986,-897.6503906,-7.923370361,0.184893966,64,0.007057789,0.02430216,0.197619894,4,mean,elu,FALSE,TRUE,step
95,51.31129837,1.38232803,95,460,52.6936264,71.29544067,5083.040039,-2306.421875,-18.60181427,0.184598208,64,0.007108119,0.067046629,0.566155538,4,mean,relu,FALSE,TRUE,step
96,51.31129837,1.39824295,242,500,52.70954132,65.58388519,4301.245605,-1522.949951,-12.87434387,0.184105456,64,0.006177494,0.028381169,0.105233547,4,max,elu,FALSE,TRUE,cosine
97,51.31129837,1.40322495,12,464,52.71452332,81.22942352,6598.219238,-3819.398438,-28.51490021,0.183951318,64,0.008165341,0.110921177,5.65E-06,4,mean,leaky_relu,FALSE,TRUE,step
98,51.31129837,1.40752411,145,451,52.71882248,56.91311646,3239.103027,-459.8288574,-4.194293976,0.183818162,64,0.005085195,0.008502319,0.510164933,4,mean,elu,TRUE,TRUE,step
99,51.31129837,1.4077301,104,470,52.71902847,66.05729675,4363.566406,-1584.270264,-13.33826828,0.183811665,64,0.006262638,0.033632076,0.216874787,4,mean,elu,FALSE,TRUE,cosine
100,51.31129837,1.41279984,219,492,52.72409821,62.29549408,3880.728516,-1100.897949,-9.571395874,0.183654666,64,0.016169343,0.015004257,0.130954326,4,mean,elu,FALSE,TRUE,cosine
101,51.31129837,1.41854095,67,411,52.72983932,68.01318359,4625.793457,-1845.357666,-15.28334427,0.183476985,64,0.005395925,0.058926664,2.17E-05,3,mean,elu,FALSE,TRUE,cosine
102,51.31129837,1.44442368,195,442,52.75572205,69.24996948,4795.558594,-2012.392334,-16.49424744,0.182675242,96,0.009199879,0.034366797,0.098147503,4,mean,elu,FALSE,TRUE,step
103,51.31129837,1.44934845,73,489,52.76064682,62.70830536,3932.331787,-1148.645752,-9.947658539,0.182522595,64,0.002742959,0.025471784,1.34E-07,4,mean,elu,FALSE,FALSE,cosine
104,51.31129837,1.46583176,43,495,52.77713013,66.76370239,4457.391602,-1671.966309,-13.98657227,0.182011783,64,0.007534538,0.044513142,2.08E-07,4,mean,leaky_relu,FALSE,TRUE,step
105,51.31129837,1.46943283,132,415,52.7807312,63.86805344,4079.128174,-1293.322754,-11.08732224,0.181900203,64,0.007359522,0.026206229,0.215767742,4,mean,elu,TRUE,TRUE,step
106,51.31129837,1.47213745,142,448,52.78343582,66.50444794,4422.841309,-1636.750244,-13.72101212,0.18181634,64,0.009470268,0.02964725,0.339735034,4,mean,elu,TRUE,TRUE,step
107,51.31129837,1.47307968,32,481,52.78437805,70.31010437,4943.510742,-2157.320068,-17.52572632,0.181786954,64,0.002340849,0.06744036,5.99E-07,5,mean,elu,FALSE,TRUE,step
108,51.31129837,1.47492981,41,489,52.78622818,59.4669342,3536.316406,-749.9306641,-6.680706024,0.181729794,64,0.00269134,0.020311477,9.19E-08,4,mean,leaky_relu,FALSE,TRUE,step
109,51.31129837,1.47797012,240,419,52.78926849,63.46899796,4028.313477,-1241.606689,-10.67972946,0.181635439,64,0.007098234,0.0237771,0.181179198,4,max,elu,FALSE,TRUE,cosine
110,51.31129837,1.48140717,156,492,52.79270554,62.65978241,3926.248291,-1139.178467,-9.867076874,0.181528807,64,0.011910163,0.014394577,0.094240969,4,mean,elu,TRUE,FALSE,step
111,51.31129837,1.49907684,258,498,52.81037521,63.128479,3985.205078,-1196.269531,-10.31810379,0.1809811,64,0.0099281,0.018372969,0.009111933,4,mean,relu,FALSE,TRUE,none
112,51.31129837,1.50275421,241,404,52.81405258,65.27274323,4260.53125,-1471.207031,-12.45869064,0.180866778,64,0.005001266,0.038384415,1.49E-07,4,max,elu,FALSE,TRUE,cosine
113,51.31129837,1.52166748,148,492,52.83296585,68.14833069,4644.194824,-1852.872559,-15.31536484,0.180280089,64,0.007909868,0.054014595,0.239583653,4,mean,elu,TRUE,FALSE,step
114,51.31129837,1.55747604,197,492,52.86877441,62.81400681,3945.599365,-1150.491943,-9.945232391,0.179168463,64,0.00384577,0.019552744,0.141481408,4,mean,elu,FALSE,TRUE,step
115,51.31129837,1.56991196,10,480,52.88121033,57.87315369,3349.302002,-552.8796387,-4.991943359,0.178782344,64,0.006938722,0.012065286,0.853733826,4,mean,leaky_relu,FALSE,TRUE,step
116,51.31129837,1.57252502,192,480,52.88382339,63.01062393,3970.338623,-1173.639893,-10.12680054,0.178701162,64,0.00647658,0.021065597,0.074576373,4,mean,elu,FALSE,TRUE,step
117,51.31129837,1.57996368,124,409,52.89126205,69.89044952,4884.675293,-2087.189697,-16.99918747,0.178470075,64,0.004337467,0.042975506,0.17056035,4,mean,leaky_relu,FALSE,TRUE,cosine
118,51.31129837,1.58152008,143,447,52.89281845,66.81523132,4464.274902,-1666.624512,-13.92241287,0.178421617,64,0.006697326,0.040495588,4.35E-07,4,mean,elu,TRUE,TRUE,step
119,51.31129837,1.5868721,117,477,52.89817047,70.37393951,4952.491211,-2154.274902,-17.47576904,0.178255498,64,0.002949127,0.073057002,0.103180304,4,mean,elu,FALSE,TRUE,cosine
120,51.31129837,1.5880394,167,388,52.89933777,66.79144287,4461.097168,-1662.757324,-13.8921051,0.17821914,64,0.007909909,0.040446517,0.01163964,4,mean,relu,FALSE,TRUE,step
121,51.31129837,1.5931282,139,457,52.90442657,67.82910919,4600.787598,-1801.909424,-14.92468262,0.178061128,64,0.005596094,0.048593154,0.081361576,4,mean,relu,TRUE,TRUE,step
122,51.31129837,1.6132431,191,489,52.92454147,70.72489166,5002.010254,-2201.003174,-17.80035019,0.177435935,64,0.005696152,0.052771772,0.133619408,4,mean,elu,FALSE,TRUE,step
123,51.31129837,1.6146965,224,486,52.92599487,65.48557281,4288.359863,-1487.198975,-12.55957794,0.177390814,64,0.008641018,0.041848796,0.111068089,4,mean,elu,FALSE,TRUE,step
124,51.31129837,1.62037277,97,387,52.93167114,58.0164032,3365.903076,-564.1411133,-5.084732056,0.177214265,64,0.003563488,0.007057941,0.262492189,5,mean,elu,FALSE,FALSE,step
125,51.31129837,1.62144852,168,489,52.93274689,70.72103882,5001.464844,-2199.589111,-17.78829193,0.177180946,64,0.007201668,0.05327859,0.029238282,4,mean,relu,FALSE,TRUE,step
126,51.31129837,1.63785172,207,462,52.94915009,73.62110138,5420.066406,-2616.454102,-20.67195129,0.17667079,64,0.005313328,0.055218551,0.06578615,4,mean,elu,FALSE,TRUE,step
127,51.31129837,1.65870285,171,474,52.97000122,67.58424377,4567.630371,-1761.809326,-14.61424255,0.176022172,64,0.009172676,0.033527748,0.048458328,4,mean,relu,FALSE,TRUE,step
128,51.31129837,1.67876053,129,406,52.9900589,66.59346771,4434.689453,-1626.743164,-13.60340881,0.175398052,96,0.003557702,0.056195659,0.107147634,4,sum,elu,TRUE,FALSE,cosine
129,51.31129837,1.68089294,202,494,52.99219131,65.57972717,4300.700195,-1492.527832,-12.58753586,0.175331771,64,0.011081383,0.02504614,1.89E-08,4,mean,elu,TRUE,TRUE,step
130,51.31129837,1.68441391,230,430,52.99571228,58.9048996,3469.787109,-661.2414551,-5.909187317,0.175222039,64,0.00431854,0.014742145,0.317416261,4,mean,relu,FALSE,TRUE,step
131,51.31129837,1.68548203,121,475,52.9967804,60.86304092,3704.30957,-895.6508789,-7.866260529,0.175188899,64,0.004870722,0.019701886,0.126500936,4,mean,elu,FALSE,TRUE,cosine
132,51.31129837,1.68842697,103,428,52.99972534,65.71836853,4318.904297,-1509.93335,-12.71864319,0.175097168,64,0.011339991,0.029099918,0.11226343,4,mean,elu,FALSE,TRUE,cosine
133,51.31129837,1.70283127,152,500,53.01412964,64.16751862,4117.470215,-1306.972412,-11.15338898,0.174648821,64,0.007375598,0.029766147,0.139528965,4,mean,elu,TRUE,TRUE,none
134,51.31129837,1.70461655,68,499,53.01591492,64.8140564,4200.861816,-1390.174561,-11.79814148,0.17459321,64,0.003164871,0.038011051,4.83E-08,4,sum,elu,FALSE,FALSE,step
135,51.31129837,1.71519852,253,498,53.02649689,65.12857056,4241.730469,-1429.921143,-12.10207367,0.174263716,64,0.0094779,0.025135892,0.029823765,4,mean,elu,FALSE,TRUE,step
136,51.31129837,1.72138596,82,498,53.03268433,58.00070953,3364.082275,-551.6166992,-4.968025208,0.174071014,64,0.009970303,0.006163971,0.807713061,4,mean,elu,FALSE,TRUE,step
137,51.31129837,1.72901535,122,462,53.04031372,67.06317139,4497.469238,-1684.194336,-14.02285767,0.17383337,64,0.01096986,0.027744669,0.067997187,4,mean,leaky_relu,FALSE,TRUE,cosine
138,51.31129837,1.73287964,176,487,53.04417801,61.10783386,3734.167236,-920.4824219,-8.063655853,0.17371285,64,0.004262323,0.031167732,0.081015587,4,mean,elu,FALSE,TRUE,step
139,51.31129837,1.73931885,23,498,53.05061722,70.38762665,4954.417969,-2140.049805,-17.33700943,0.17351222,64,0.003403606,0.048851162,8.55E-08,4,mean,leaky_relu,FALSE,TRUE,step
140,51.31129837,1.76120377,228,455,53.07250214,62.15371704,3863.084717,-1046.394287,-9.081214905,0.172830164,64,0.005722153,0.021775822,0.133281697,4,mean,elu,TRUE,TRUE,cosine
141,51.31129837,1.78459549,74,498,53.09589386,72.46102142,5250.599609,-2431.425781,-19.36512756,0.17210108,64,0.006987115,0.054410701,2.03E-06,4,mean,elu,FALSE,FALSE,cosine
142,51.31129837,1.78491592,203,434,53.09621429,64.78800964,4197.48584,-1378.277832,-11.69179535,0.172090948,64,0.006496364,0.030091451,0.052322689,4,mean,elu,TRUE,TRUE,step
143,51.31129837,1.81016922,138,478,53.12146759,64.48060608,4157.748535,-1335.858154,-11.35913849,0.171303272,64,0.015218549,0.022106731,3.34E-07,4,mean,elu,TRUE,TRUE,cosine
144,51.31129837,1.81684876,118,473,53.12814713,71.03851318,5046.470215,-2223.870361,-17.91036606,0.171094775,64,0.005917683,0.053671678,0.419414229,4,mean,elu,FALSE,TRUE,cosine
145,51.31129837,1.82579041,140,426,53.13708878,59.34096527,3521.350098,-697.7998047,-6.203876495,0.170815766,64,0.003944105,0.01541418,1.13E-07,4,mean,elu,TRUE,FALSE,cosine
146,51.31129837,1.83514786,170,477,53.14644623,71.39583588,5097.365234,-2272.820557,-18.24938965,0.170523644,64,0.005246574,0.060610333,0.133724131,4,mean,relu,FALSE,TRUE,step
147,51.31129837,1.84297562,135,423,53.15427399,61.6688385,3803.04541,-977.6687012,-8.514564514,0.170279384,64,0.009615431,0.015395343,1.83E-07,4,mean,elu,TRUE,TRUE,cosine
148,51.31129837,1.85510635,198,414,53.16640472,66.90821838,4476.709961,-1650.043457,-13.74181366,0.169900656,64,0.007211791,0.04674881,0.074731798,4,max,elu,FALSE,TRUE,step
149,51.31129837,1.89642715,151,500,53.20772552,66.58920288,4434.12207,-1603.059814,-13.38147736,0.168609738,64,0.0060828,0.035521437,0.164571757,4,mean,elu,TRUE,TRUE,step
150,51.31129837,1.9011116,239,395,53.21240997,69.97644043,4896.702148,-2065.141602,-16.76403046,0.168463528,64,0.009306541,0.049395214,0.488788994,4,max,elu,TRUE,TRUE,cosine
151,51.31129837,1.90550232,159,494,53.21680069,63.8163414,4072.525391,-1240.497314,-10.59954071,0.16832608,96,0.002471918,0.022778513,1.53E-07,4,mean,elu,TRUE,FALSE,step
152,51.31129837,1.90629959,115,486,53.21759796,69.61724854,4846.561523,-2014.448975,-16.39965057,0.168301284,64,0.003725534,0.046873084,0.247335,4,mean,elu,FALSE,TRUE,cosine
153,51.31129837,1.92063522,133,406,53.23193359,64.39974976,4147.327637,-1313.688721,-11.16781616,0.167852998,64,0.004796485,0.037156091,0.045690531,4,mean,elu,TRUE,TRUE,cosine
154,51.31129837,1.93283844,243,490,53.24413681,68.60124969,4706.131348,-1871.193115,-15.35711288,0.167471528,64,0.008106204,0.04279766,0.136847191,4,mean,elu,FALSE,TRUE,step
155,51.31129837,1.9353447,182,431,53.24664307,64.82787323,4202.652832,-1367.447754,-11.58123016,0.167393029,64,0.012059683,0.022551611,0.063670692,4,mean,elu,FALSE,TRUE,step
156,51.31129837,1.94765854,17,449,53.25895691,77.5425415,6012.846191,-3176.32959,-24.28358459,0.167007983,64,0.004126616,0.075392708,0.057081785,5,mean,elu,FALSE,FALSE,step
157,51.31129837,1.95982361,155,480,53.27112198,51.56678391,2659.133057,178.6794434,1.704338074,0.166627407,64,0.003211183,0.000480952,0.318685759,4,mean,elu,TRUE,TRUE,step
158,51.31129837,1.96212006,186,464,53.27341843,65.77496338,4326.346191,-1488.289062,-12.50154495,0.166555584,64,0.008617932,0.042068703,0.052745471,4,mean,elu,FALSE,TRUE,step
159,51.31129837,1.98912048,223,424,53.30041885,59.88415146,3586.111572,-745.177002,-6.583732605,0.165710509,64,0.006024709,0.018982595,0.033534689,4,mean,elu,FALSE,FALSE,cosine
160,51.31129837,1.99351502,233,480,53.30481339,71.57932281,5123.599609,-2282.196289,-18.27450943,0.165572822,64,0.008571867,0.033055616,0.047994919,4,mean,elu,TRUE,TRUE,step
161,51.31129837,1.99642181,86,488,53.30772018,69.95041656,4893.060547,-2051.347412,-16.64269638,0.165481746,64,0.008536832,0.043768297,0.139580117,4,mean,elu,FALSE,TRUE,step
162,51.31129837,2.03588867,106,497,53.34718704,66.4259491,4412.40625,-1566.483887,-13.07876205,0.164245725,64,0.018467956,0.011704969,0.046500334,4,mean,elu,FALSE,TRUE,cosine
163,51.31129837,2.04045868,154,491,53.35175705,62.07659531,3853.503662,-1007.09375,-8.724838257,0.164102674,64,0.00407682,0.023084044,0.053623135,4,mean,elu,TRUE,TRUE,step
164,51.31129837,2.05409622,71,488,53.36539459,60.78635025,3694.980225,-847.1149902,-7.420955658,0.163675129,64,0.004580747,0.013508706,5.25E-07,4,mean,elu,FALSE,FALSE,cosine
165,51.31129837,2.06754684,245,500,53.37884521,60.53957367,3665.040039,-815.7387695,-7.160728455,0.163253427,64,0.005656414,0.01735614,0.074491135,4,mean,elu,FALSE,FALSE,step
166,51.31129837,2.07165146,37,492,53.38294983,69.92453003,4889.439453,-2039.700195,-16.5415802,0.163125038,96,0.001465605,0.050150772,1.32E-05,5,mean,leaky_relu,FALSE,FALSE,step
167,51.31129837,2.09257126,52,493,53.40386963,78.3947525,6145.736816,-3293.763428,-24.99088287,0.162468791,64,0.008094419,0.099330669,1.13E-08,4,mean,leaky_relu,FALSE,FALSE,step
168,51.31129837,2.11922073,206,432,53.4305191,64.70844269,4187.182617,-1332.362305,-11.27792358,0.161632776,64,0.009794661,0.016789246,0.204757402,4,mean,elu,FALSE,TRUE,cosine
169,51.31129837,2.12709808,110,456,53.43839645,57.65055084,3323.586182,-467.9240723,-4.212154388,0.161385536,64,0.008333217,0.015555175,0.411562915,2,mean,elu,FALSE,TRUE,cosine
170,51.31129837,2.16271973,63,496,53.4740181,61.53982925,3787.150391,-927.6796875,-8.065811157,0.160266995,64,0.003944858,0.026582036,6.76E-06,3,mean,elu,FALSE,FALSE,step
171,51.31129837,2.16571045,149,455,53.47700882,68.57761383,4702.88916,-1843.098877,-15.10060501,0.160173237,64,0.010838705,0.045606885,0.070643926,2,mean,elu,TRUE,TRUE,step
172,51.31129837,2.16859436,123,496,53.47989273,51.92617416,2696.327637,163.7712402,1.553718567,0.160082579,64,0.006735375,0.000137101,0.313614867,4,mean,elu,FALSE,TRUE,none
173,51.31129837,2.17119217,84,497,53.48249054,58.56459808,3429.812012,-569.4350586,-5.082107544,0.16000098,64,0.007631315,0.015965987,0.095224601,4,mean,elu,FALSE,TRUE,step
174,51.31129837,2.30505371,58,498,53.61635208,63.23106003,3998.166992,-1123.453857,-9.614707947,0.155790925,128,0.002932263,0.038005085,1.54E-07,3,sum,elu,TRUE,TRUE,cosine
175,51.31129837,2.31822586,26,489,53.62952423,65.94460297,4348.690918,-1472.565186,-12.31507874,0.155376017,64,0.001524271,0.028592187,0.000210101,5,mean,elu,FALSE,TRUE,step
176,51.31129837,2.32072067,254,489,53.63201904,53.52575684,2865.006836,11.38647461,0.106262207,0.155297458,64,0.008832923,0.000480163,0.007124279,4,mean,elu,FALSE,TRUE,step
177,51.31129837,2.32208633,89,457,53.6333847,68.80549622,4734.196777,-1857.656982,-15.17211151,0.155254483,96,0.002561545,0.059375196,0.308694389,4,max,elu,FALSE,FALSE,step
178,51.31129837,2.32876968,59,484,53.64006805,56.11994553,3149.448242,-272.1911621,-2.479877472,0.155043781,64,0.004113342,0.012050675,4.16E-07,2,mean,elu,FALSE,TRUE,step
179,51.31129837,2.33974457,50,499,53.65104294,79.66730499,6346.878906,-3468.44458,-26.01626205,0.154698014,128,0.004256706,0.172978656,2.98E-07,3,mean,leaky_relu,FALSE,TRUE,cosine
180,51.31129837,2.36246491,250,453,53.67376328,61.66623306,3802.724365,-921.8515625,-7.992469788,0.153981984,64,0.014240093,0.012876735,0.011006798,4,mean,elu,FALSE,TRUE,step
181,51.31129837,2.43082428,260,478,53.74212265,61.16540909,3741.207275,-852.9914551,-7.423286438,0.151825607,128,0.00734682,0.009245303,0.039747474,4,mean,elu,TRUE,TRUE,step
182,51.31129837,2.43486786,120,435,53.74616623,74.05679321,5484.408203,-2595.757812,-20.31062698,0.151698053,64,0.008457586,0.064524342,0.032589443,5,mean,elu,FALSE,TRUE,cosine
183,51.31129837,2.44312286,188,500,53.75442123,70.47498322,4966.723633,-2077.185791,-16.72056198,0.151437342,128,0.01421712,0.029190894,0.027339191,4,mean,elu,FALSE,TRUE,step
184,51.31129837,2.48586655,248,437,53.79716492,64.43310547,4151.625,-1257.490234,-10.63594055,0.150087416,64,0.01250975,0.021692784,0.025171837,4,mean,leaky_relu,TRUE,TRUE,step
185,51.31129837,2.50660324,204,390,53.81790161,73.23796082,5363.798828,-2467.432129,-19.4200592,0.149431884,64,0.012972354,0.041045297,0.026420248,4,mean,elu,TRUE,TRUE,step
186,51.31129837,2.51053238,179,491,53.82183075,79.61388397,6338.371094,-3441.581543,-25.79205322,0.149307787,64,0.005723059,0.137978731,0.03597188,4,mean,elu,FALSE,TRUE,none
187,51.31129837,2.64965057,100,458,53.96094894,76.17985535,5803.370117,-2891.586182,-22.2189064,0.144904494,64,0.002244756,0.074541741,0.983917066,4,mean,elu,FALSE,TRUE,step
188,51.31129837,2.66209412,144,500,53.97339249,76.6053772,5868.383301,-2955.256348,-22.63198471,0.144509971,64,0.012828596,0.02646907,0.000127243,4,mean,elu,TRUE,TRUE,step
189,51.31129837,2.79617691,173,470,54.10747528,75.71327209,5732.5,-2804.881104,-21.60579681,0.1402542,64,0.013970159,0.046391722,0.136368815,4,mean,elu,FALSE,TRUE,step
190,51.31129837,2.83584595,55,362,54.14714432,78.52637482,6166.39209,-3234.47876,-24.3792305,0.138993084,64,0.005983981,0.079286254,0.044549026,5,mean,leaky_relu,FALSE,FALSE,step
191,51.31129837,2.85968018,251,397,54.17097855,61.42840576,3773.449219,-838.9541016,-7.257427216,0.138234913,64,0.010140132,0.015240815,0.021037437,4,mean,elu,FALSE,TRUE,step
192,51.31129837,2.86229706,21,474,54.17359543,76.80996704,5899.770508,-2964.992188,-22.63637161,0.138151765,64,0.003247514,0.111520997,4.95E-06,4,mean,leaky_relu,FALSE,TRUE,step
193,51.31129837,2.88071823,114,500,54.1920166,74.69661713,5579.584473,-2642.809814,-20.50460052,0.137565434,64,0.010291949,0.085922541,0.058093486,4,mean,elu,FALSE,FALSE,cosine
194,51.31129837,2.89171219,217,428,54.20301056,77.45301056,5998.968262,-3061.001953,-23.25,0.137215495,64,0.012809591,0.04899916,0.278293302,4,mean,elu,FALSE,TRUE,step
195,51.31129837,2.97015762,205,397,54.28145599,65.83607483,4334.38916,-1387.912598,-11.55461884,0.134716392,64,0.008131692,0.032111376,0.039248882,4,mean,elu,TRUE,TRUE,step
196,51.31129837,2.97885895,48,462,54.29015732,68.11841583,4640.118652,-1692.69751,-13.82825851,0.134438992,64,0.002176035,0.038045406,9.38E-06,4,mean,leaky_relu,FALSE,FALSE,step
197,51.31129837,3.01935577,184,281,54.33065414,70.59658813,4983.878418,-2032.05835,-16.26593399,0.133147001,64,0.010212575,0.0322472,0.037803822,4,mean,elu,FALSE,TRUE,step
198,51.31129837,3.06344223,60,488,54.3747406,55.62097168,3093.692627,-137.0803223,-1.246231079,0.131739795,64,0.001986644,0.000198683,3.64E-06,3,mean,elu,FALSE,FALSE,none
199,51.31129837,3.13760376,174,496,54.44890213,61.36430359,3765.577637,-800.8945312,-6.915401459,0.129369617,64,0.010009085,0.016553477,0.019082265,4,mean,elu,FALSE,TRUE,step
200,51.31129837,3.13928223,128,496,54.4505806,68.51663971,4694.530273,-1729.664551,-14.06605911,0.129315972,64,0.012818666,0.021670188,0.06428315,4,mean,elu,TRUE,TRUE,cosine
201,51.31129837,3.30347824,54,467,54.61477661,69.35088348,4809.544922,-1826.77124,-14.73610687,0.124056995,64,0.018929484,0.013217028,1.25E-08,4,mean,leaky_relu,FALSE,FALSE,step
202,51.31129837,3.40529251,252,373,54.71659088,60.80916977,3697.755127,-703.8498535,-6.092578888,0.120788097,64,0.011632017,0.006376572,0.015579327,4,mean,elu,TRUE,TRUE,step
203,51.31129837,3.45266342,27,433,54.76396179,75.99768829,5775.648926,-2776.557617,-21.2337265,0.119265139,64,0.036042919,0.02830058,3.33E-05,3,mean,elu,TRUE,TRUE,step
204,51.31129837,3.48204804,49,500,54.79334641,73.91796112,5463.865234,-2461.554443,-19.12461472,0.118319631,96,0.001362459,0.064881165,3.25E-05,5,mean,relu,FALSE,TRUE,none
205,51.31129837,3.56640625,107,440,54.87770462,73.81459045,5448.593262,-2437.030762,-18.93688583,0.115602791,64,0.012970144,0.053412453,0.084078002,4,sum,leaky_relu,TRUE,TRUE,cosine
206,51.31129837,3.57207489,76,474,54.88337326,72.16830444,5208.264648,-2196.079834,-17.28493118,0.115419924,64,0.001714486,0.044420719,8.64E-06,4,mean,relu,FALSE,TRUE,cosine
207,51.31129837,3.58712006,66,493,54.89841843,62.22086716,3871.436279,-857.5998535,-7.32244873,0.114934921,128,0.001068868,0.021115013,1.67E-06,3,mean,elu,FALSE,TRUE,step
208,51.31129837,3.80591583,130,479,55.1172142,73.06308746,5338.214355,-2300.307129,-17.94587326,0.107866228,128,0.010351423,0.044860456,6.03E-08,4,mean,elu,TRUE,TRUE,cosine
209,51.31129837,3.81326675,40,269,55.12456512,94.16083527,8866.262695,-5827.545166,-39.03627014,0.107628167,128,0.005607035,0.129436666,8.19E-08,5,mean,relu,FALSE,TRUE,none
210,51.31129837,3.81780624,227,485,55.12910461,82.48332214,6803.499023,-3764.281006,-27.35421753,0.107481182,128,0.010711942,0.037965276,0.01832416,4,mean,elu,FALSE,TRUE,step
211,51.31129837,3.83163834,35,451,55.14293671,83.85677338,7031.958496,-3991.215088,-28.71383667,0.107033253,64,0.014251607,0.089028496,1.32E-06,3,mean,elu,FALSE,TRUE,cosine
212,51.31129837,4.00302506,119,500,55.31432343,75.02963257,5629.446289,-2569.771729,-19.71530914,0.101473808,64,0.015472403,0.03787039,0.000358558,4,mean,elu,FALSE,FALSE,cosine
213,51.31129837,4.06235504,256,457,55.37365341,71.40869904,5099.202637,-2032.960938,-16.03504562,0.09954524,64,0.014397561,0.020933647,0.042977923,4,mean,elu,TRUE,TRUE,step
214,51.31129837,4.08377075,38,463,55.39506912,86.71749115,7519.923828,-4451.310303,-31.32242203,0.098848701,128,0.023372488,0.091736151,0.000275252,2,mean,relu,FALSE,TRUE,cosine
215,51.31129837,4.6329422,14,337,55.94424057,88.55278015,7841.595215,-4711.837158,-32.60853958,0.080892563,128,0.018355179,0.077903322,1.64E-05,3,mean,elu,FALSE,TRUE,none
216,51.31129837,4.679245,4,488,55.99054337,81.34850311,6617.578613,-3482.637695,-25.35795975,0.079370439,128,0.001551085,0.230232509,2.18E-07,2,mean,elu,FALSE,FALSE,step
217,51.31129837,4.70953369,28,427,56.02083206,100.8752289,10175.81152,-7037.478027,-44.85439682,0.078374267,96,0.004233325,0.299800869,0.006411653,4,max,elu,FALSE,FALSE,cosine
218,51.31129837,4.71517944,24,301,56.02647781,84.08705139,7070.632812,-3931.666504,-28.06057358,0.078188419,64,0.014699527,0.089519031,2.53E-06,3,mean,leaky_relu,FALSE,TRUE,step
219,51.31129837,4.85817337,51,227,56.16947174,83.25337219,6931.124023,-3776.114502,-27.08390045,0.07347697,64,0.010441189,0.070703005,2.84E-08,4,mean,leaky_relu,FALSE,FALSE,step
220,51.31129837,5.04883194,8,428,56.36013031,88.98794556,7918.854492,-4742.390381,-32.62781525,0.067176461,128,0.008470332,0.307672554,0.000618677,2,mean,relu,TRUE,FALSE,cosine
221,51.31129837,5.34197617,13,487,56.65327454,62.37393188,3890.507568,-680.9140625,-5.720657349,0.057447374,64,0.001899263,0.005526128,2.03E-08,3,mean,leaky_relu,FALSE,TRUE,step
222,51.31129837,5.36130142,36,469,56.67259979,80.36045837,6457.802734,-3246.019043,-23.68785858,0.056804299,64,0.000950008,0.027147429,3.20E-07,6,max,elu,TRUE,FALSE,step
223,51.31129837,6.09831619,229,310,57.40961456,112.2447815,12598.89062,-9303.026855,-54.83516693,0.032112718,96,0.007571764,0.216872022,0.086529473,4,mean,elu,FALSE,FALSE,step
224,51.31129837,6.27181625,137,308,57.58311462,93.29428864,8703.824219,-5388.009033,-35.71117401,0.026253641,64,0.0080468,0.164312076,2.42E-07,4,max,elu,TRUE,FALSE,step
225,51.31129837,6.48434448,22,216,57.79564285,94.25325012,8883.674805,-5543.338379,-36.45760727,0.019052565,64,0.010121013,0.108227271,5.33E-06,5,mean,leaky_relu,FALSE,TRUE,step
226,51.31129837,6.77285385,53,223,58.08415222,96.16757965,9248.203125,-5874.43457,-38.08342743,0.009234726,64,0.01214956,0.123264734,4.35E-08,4,mean,leaky_relu,FALSE,FALSE,step
227,51.31129837,7.23768616,178,378,58.54898453,113.7174377,12931.65527,-9503.671631,-55.16845322,-0.006686687,64,0.007939716,0.271881124,0.023287436,4,mean,elu,FALSE,TRUE,step
228,51.31129837,7.40597916,78,460,58.71727753,111.0048904,12322.08594,-8874.367188,-52.28761292,-0.012482166,64,0.003306207,0.348514742,3.27E-07,4,mean,elu,FALSE,TRUE,none
229,51.31129837,7.46801376,160,224,58.77931213,110.729866,12261.10352,-8806.095947,-51.95055389,-0.014622569,64,0.004911596,0.187963442,0.272151453,6,max,elu,TRUE,TRUE,step
230,51.31129837,8.35678482,47,400,59.66808319,99.94837952,9989.678711,-6429.398438,-40.28029633,-0.04553771,128,0.005615936,0.285948794,0.002808596,4,mean,elu,TRUE,TRUE,step
231,51.31129837,9.57476425,225,361,60.88606262,122.5744934,15024.50684,-11317.39429,-61.68843079,-0.088657618,64,0.004973689,0.393801405,0.050182769,4,mean,elu,FALSE,TRUE,cosine
232,51.31129837,10.18037033,147,230,61.4916687,91.20589447,8318.514648,-4537.289551,-29.71422577,-0.110422015,64,0.02060419,0.017549707,0.103949605,4,mean,elu,TRUE,TRUE,step
233,51.31129837,10.50969315,190,328,61.82099152,117.6309204,13837.03418,-10015.19897,-55.80992889,-0.122347832,64,0.011001325,0.236130399,0.244877335,4,sum,elu,FALSE,TRUE,step
234,51.31129837,10.89502335,44,433,62.20632172,63.89847946,4083.015625,-213.3891602,-1.692157745,-0.13638258,64,0.028737972,0.000588113,9.38E-07,3,mean,leaky_relu,FALSE,TRUE,step
235,51.31129837,12.23751068,39,359,63.54880905,115.619278,13367.81738,-9329.366455,-52.0704689,-0.18596077,64,0.012127191,0.226425125,1.94E-06,4,sum,elu,TRUE,FALSE,step
236,51.31129837,12.28734589,29,495,63.59864426,89.77378845,8059.333496,-4014.546143,-26.1751442,-0.187821627,128,0.000772447,0.140453348,0.00013031,4,sum,elu,FALSE,TRUE,none
237,51.31129837,15.09699631,150,175,66.40829468,136.6494293,18673.06445,-14263.00244,-70.24113464,-0.295090914,64,0.008720589,0.327920547,0.039642356,4,mean,elu,TRUE,TRUE,step
238,51.31129837,15.32036209,0,488,66.63166046,90.18631744,8133.571289,-3693.792969,-23.55465698,-0.303817391,96,0.000724241,0.113142614,0.00059748,3,sum,elu,FALSE,TRUE,cosine
239,51.31129837,15.80060959,263,495,67.11190796,94.54619598,8938.983398,-4434.975586,-27.43428802,-0.322679639,64,0.000567422,0.041293888,0.023541827,4,mean,elu,TRUE,TRUE,step
240,51.31129837,21.22650528,64,499,72.53780365,94.17668915,8869.249023,-3607.515625,-21.6388855,-0.545198917,64,0.017015689,0.038915757,7.62E-07,4,mean,elu,FALSE,FALSE,step
241,51.31129837,26.7467308,46,500,78.05802917,94.2076416,8875.079102,-2782.022949,-16.14961243,-0.789331079,64,0.069780642,0.015404647,2.87E-06,2,max,leaky_relu,FALSE,TRUE,cosine
242,51.31129837,29.28532791,98,356,80.59662628,146.5424805,21474.69727,-14978.88086,-65.94585419,-0.907608628,64,0.021088126,0.209189264,0.006636577,4,mean,elu,FALSE,TRUE,none
243,51.31129837,39.84154129,18,391,91.15283966,190.295105,36212.22656,-27903.38574,-99.14226532,-1.440034628,128,0.021241655,0.153754247,2.35E-08,3,sum,leaky_relu,TRUE,FALSE,cosine
244,51.31129837,49.17374803,79,201,100.4850464,174.5015869,30450.80469,-20353.55957,-74.01654053,-1.965230465,64,0.015688304,0.259699468,6.97E-08,5,mean,elu,FALSE,FALSE,step
245,51.31129837,74.94783403,30,499,126.2591324,137.8531342,19003.48828,-3062.120117,-11.59400177,-3.681458473,96,0.000447652,0.179997297,1.59E-05,3,sum,elu,FALSE,TRUE,cosine
246,51.31129837,86.26414113,19,499,137.5754395,155.5124512,24184.12305,-5257.121094,-17.93701172,-4.558240891,64,0.000489949,0.045998237,8.03E-05,3,max,elu,FALSE,TRUE,none
247,51.31129837,108.2602043,109,500,159.5715027,162.9721375,26559.91797,-1096.851562,-3.400634766,-6.477669239,64,0.000432572,0.04068769,0.029541786,3,max,elu,FALSE,TRUE,cosine
248,51.31129837,163.2132072,69,448,214.5245056,248.7809143,61891.94531,-15871.18359,-34.25640869,-12.51479149,96,0.012742993,0.102705337,2.20E-07,6,max,elu,TRUE,TRUE,step
249,51.31129837,167.0323448,16,131,218.3436432,235.3824615,55404.90234,-7730.953125,-17.03881836,-13.00027847,128,0.098905422,0.000160638,4.09E-05,4,mean,leaky_relu,FALSE,TRUE,step
250,51.31129837,307.8803215,9,498,359.1916199,360.4761658,129943.0703,-924.453125,-1.284545898,-36.88854599,128,0.000223911,0.147959614,0.000999878,2,max,relu,TRUE,FALSE,none
251,51.31129837,309.2238578,15,500,360.5351562,357.4486389,127769.5391,2216.054688,3.086517334,-37.17251205,64,0.000254847,0.154977999,0.399786327,5,sum,leaky_relu,FALSE,TRUE,cosine
252,51.31129837,314.616558,158,500,365.9278564,364.3220215,132730.5312,1172.671875,1.605834961,-38.3229866,64,0.000185319,0.062192242,0.70356467,4,sum,elu,TRUE,TRUE,step
253,51.31129837,316.7372856,56,490,368.048584,366.5064087,134326.9531,1132.8125,1.542175293,-38.78009796,64,5.87E-05,0.057367513,0.366195388,3,max,leaky_relu,FALSE,FALSE,step
254,51.31129837,316.9555778,2,489,368.2668762,366.3434143,134207.5,1412.984375,1.923461914,-38.82729721,96,2.49E-05,0.053451224,0.013059253,6,mean,elu,FALSE,FALSE,cosine
255,51.31129837,317.3784294,20,460,368.6897278,368.8007202,136013.9688,-81.84375,-0.110992432,-38.9188118,128,7.42E-05,0.398503634,0.074058912,4,mean,leaky_relu,FALSE,FALSE,cosine
256,51.31129837,318.9527397,136,500,370.2640381,368.5661926,135841.0312,1254.421875,1.697845459,-39.26044083,64,3.75E-05,0.007217239,3.87E-08,4,mean,elu,TRUE,TRUE,step
257,51.31129837,320.3249626,5,500,371.636261,379.3619995,143915.5312,-5802.03125,-7.725738525,-39.55941772,128,1.35E-05,0.242688378,1.29E-06,2,max,relu,FALSE,FALSE,none
258,51.31129837,321.1941642,3,500,372.5054626,372.9353027,139080.7344,-320.421875,-0.429840088,-39.74935913,96,2.13E-05,0.202729969,0.002441574,5,sum,relu,FALSE,FALSE,step
259,51.31129837,321.6144523,264,500,372.9257507,370.4769897,137253.2031,1820.40625,2.448760986,-39.84136581,96,1.89E-05,0.015530611,0.03610006,4,mean,elu,TRUE,TRUE,step
260,51.31129837,353.6219597,77,500,404.9332581,400.220459,160176.4062,3794.53125,4.712799072,-47.1529007,64,1.13E-05,0.032914866,4.17E-06,4,mean,elu,FALSE,FALSE,step
261,51.31129837,361.9189567,87,17,413.2302551,507.368927,257423.2344,-86664,-94.13867188,-49.14639664,64,0.034680823,0.001052777,0.198088639,4,sum,elu,FALSE,TRUE,cosine
262,51.31129837,362.4678764,157,11,413.7791748,710.2337036,504431.875,-333218.6719,-296.4545288,-49.27971268,128,0.017444436,0.041604353,6.82E-07,4,mean,elu,TRUE,TRUE,step
263,51.31129837,378.4138603,75,6,429.7251587,1194.711304,1427335,-1242671.297,-764.986145,-53.22967911,64,0.025736815,0.010379051,9.31E-07,5,mean,elu,FALSE,FALSE,cosine
264,51.31129837,379.4540519,34,7,430.7653503,3195.56958,10211665,-10026106.22,-2764.80423,-53.49253464,96,0.038311019,0.058595541,6.14E-07,4,mean,relu,FALSE,TRUE,step
265,51.31129837,398.1465568,7,25,449.4578552,453.0799866,205281.4688,-3269.109375,-3.622131348,-58.3244133,64,0.054902651,0.370029428,0.001037349,6,mean,elu,TRUE,FALSE,cosine
266,51.31129837,406.5810356,1,500,457.892334,457.6525574,209445.875,219.515625,0.239776611,-60.57186127,96,0.037117562,0.051489392,5.42E-07,6,max,leaky_relu,TRUE,TRUE,cosine
