row_index,fips
0,27155
1,48373
2,51640
3,31077
4,46041
5,28119
6,30107
7,46049
8,48433
9,31113
10,21137
11,21071
12,13053
13,21023
14,30087
15,21121
16,31087
17,46003
18,21189
19,21197
20,17129
21,47169
22,21139
23,21065
24,22047
25,48229
26,05075
27,21011
28,21001
29,27081
30,38079
31,19147
32,22023
33,21057
34,46087
35,54073
36,54045
37,21081
38,21237
39,13227
40,30037
41,21235
42,48063
43,19029
44,27087
45,17173
46,21085
47,39087
48,51057
49,17121
50,21053
51,23021
52,17003
53,21031
54,30079
55,29181
56,51115
57,17137
58,05111
59,01041
60,54041
61,17149
62,46071
63,17037
64,31009
65,21043
66,21097
67,37007
68,19035
69,17171
70,17025
71,17115
72,39131
73,12053
74,54043
75,23029
76,21217
77,27125
78,21127
79,21171
80,19007
81,54015
82,21103
83,21195
84,51670
85,46077
86,21215
87,51580
88,17125
89,13289
90,36063
91,21149
92,21069
93,01085
94,42093
95,21051
96,21203
97,36073
98,34009
99,28141
100,17153
101,27107
102,29149
103,19085
104,46017
105,36075
106,17167
107,48137
108,21039
109,21167
110,21087
111,17061
112,17117
113,51730
114,39167
115,27167
116,21173
117,21187
118,05043
119,28027
120,17021
121,31071
122,50013
123,48119
124,22097
125,13231
126,12089
127,17063
128,48011
129,28053
130,21027
131,13105
132,46111
133,51135
134,51007
135,36023
136,19135
137,17107
138,27027
139,28031
140,19089
141,05147
142,13311
143,46027
144,21093
145,21193
146,30065
147,30043
148,21019
149,21099
150,51103
151,37111
152,29139
153,22113
154,13159
155,48317
156,37133
157,17183
158,51678
159,47117
160,24001
161,21155
162,21185
163,21207
164,36045
165,40117
166,55078
167,13187
168,54103
169,36097
170,21231
171,51690
172,37173
173,05121
174,13137
175,13103
176,21029
177,13273
178,29133
179,46099
180,22093
181,42107
182,19053
183,54099
184,31061
185,21223
186,21191
187,17131
188,54033
189,13221
190,22001
191,31011
192,21077
193,21179
194,19045
195,21009
196,21095
197,17055
198,13177
199,27057
200,12035
201,05069
202,19171
203,27051
204,34015
205,13261
206,22099
207,29127
208,13169
209,48023
210,47085
211,48471
212,21035
213,55067
214,22045
215,29093
216,19121
217,21017
218,27023
219,21199
220,54053
221,21169
222,38055
223,23019
224,13301
225,46073
226,48343
227,46055
228,08057
229,05021
230,12017
231,48241
232,51630
233,19137
234,54059
235,38057
236,51530
237,08017
238,19069
239,13013
240,31173
241,31169
242,51183
243,12083
244,21141
245,36057
246,17079
247,13173
248,17057
249,29123
250,36035
251,34029
252,19041
253,13189
254,29187
255,27005
256,21147
257,36121
258,22013
259,48307
260,54087
261,40069
262,28051
263,39053
264,54005
265,37103
266,37191
267,21145
268,19179
269,17189
270,21117
271,39141
272,05041
273,48155
274,39001
275,23009
276,22069
277,21153
278,47043
279,19133
280,19037
281,40111
282,22011
283,34025
284,37167
285,21159
286,40097
287,19193
288,12061
289,37077
290,13257
291,40135
292,28017
293,29055
294,40077
295,37153
296,19107
297,36069
298,02290
299,13305
300,46075
301,21049
302,36113
303,21157
304,31035
305,54083
306,13171
307,27129
308,17001
309,27117
310,22117
311,36099
312,28043
313,05135
314,36029
315,22003
316,19013
317,13035
318,05093
319,54091
320,46121
321,39081
322,21115
323,39079
324,28143
325,21229
326,19033
327,27109
328,12101
329,05001
330,36117
331,27089
332,51017
333,29035
334,36013
335,17083
336,13281
337,36103
338,19073
339,38049
340,36123
341,19063
342,27059
343,34007
344,37177
345,22027
346,19023
347,17077
348,05129
349,12127
350,21239
351,19011
352,19097
353,48151
354,40089
355,54001
356,13009
357,17011
358,13057
359,17053
360,54019
361,12019
362,27007
363,28081
364,21111
365,37163
366,19019
367,51025
368,19059
369,13079
370,47115
371,30051
372,21037
373,40105
374,13297
375,19145
376,02240
377,19159
378,48431
379,19015
380,27011
381,31125
382,28129
383,19151
384,37045
385,30077
386,32009
387,21109
388,36015
389,21041
390,22083
391,12129
392,29207
393,42023
394,22039
395,37145
396,48213
397,42037
398,47159
399,12109
400,21129
401,27015
402,19057
403,36055
404,39119
405,28163
406,19149
407,47005
408,55077
409,47143
410,37087
411,26051
412,22049
413,24045
414,27095
415,22125
416,13217
417,13029
418,22111
419,19111
420,36037
421,34005
422,21151
423,36085
424,22031
425,47075
426,17175
427,19125
428,36001
429,21079
430,30103
431,36039
432,29069
433,27143
434,46053
435,27035
436,12033
437,46025
438,30095
439,47111
440,17075
441,19163
442,36011
443,48073
444,13255
445,29201
446,29097
447,29087
448,54101
449,47067
450,13037
451,29227
452,37161
453,34037
454,47013
455,12009
456,37107
457,47083
458,39047
459,51131
460,21181
461,19113
462,19131
463,21089
464,39059
465,51075
466,54011
467,40043
468,28111
469,12075
470,42079
471,39105
472,21163
473,47081
474,42095
475,48105
476,21113
477,12041
478,31003
479,27075
480,30007
481,13039
482,19095
483,38081
484,13139
485,51127
486,51830
487,37001
488,28077
489,30111
490,28095
491,13163
492,38009
493,21083
494,55101
495,17179
496,39127
497,22007
498,36083
499,24039
500,51820
501,21135
502,19195
503,54049
504,13205
505,27163
506,21047
507,27113
508,39111
509,21021
510,30069
511,21201
512,47167
513,17145
514,12023
515,21161
516,54039
517,48363
518,48315
519,38061
520,17187
521,37071
522,01107
523,27159
524,48071
525,22035
526,55047
527,13143
528,21075
529,42131
530,21059
531,55075
532,33017
533,13319
534,28161
535,54079
536,42089
537,27173
538,17027
539,27025
540,27115
541,19091
542,47155
543,22109
544,27119
545,17203
546,13229
547,37049
548,27165
549,42059
550,48159
551,36091
552,19093
553,19075
554,28013
555,28115
556,17005
557,17119
558,53009
559,34041
560,55127
561,22077
562,36051
563,40107
564,17143
565,54007
566,31175
567,22123
568,13195
569,39067
570,37171
571,22119
572,21133
573,24047
574,12107
575,21107
576,37083
577,13263
578,36067
579,51071
580,39071
581,54093
582,29017
583,37109
584,29223
585,01025
586,42077
587,22005
588,28109
589,27127
590,37125
591,47101
592,47021
593,19067
594,40037
595,17009
596,24015
597,29113
598,19127
599,13149
600,37065
601,05019
602,54035
603,21045
604,36107
605,12031
606,17099
607,21123
608,22103
609,48365
610,55131
611,47017
612,48217
613,48183
614,28083
615,27111
616,10001
617,48367
618,36019
619,48147
620,28063
621,47023
622,12057
623,55079
624,39123
625,13027
626,17199
627,28035
628,42097
629,36043
630,21183
631,22105
632,54097
633,48275
634,37027
635,13011
636,39163
637,28127
638,36017
639,39015
640,39089
641,17035
642,33019
643,28097
644,48125
645,19025
646,13095
647,31025
648,55065
649,13101
650,51570
651,42125
652,19139
653,37155
654,36077
655,29151
656,34033
657,17091
658,36049
659,38005
660,22009
661,39135
662,29111
663,21015
664,28145
665,46043
666,36021
667,55137
668,37057
669,55059
670,26079
671,37137
672,36009
673,24025
674,12069
675,39101
676,48385
677,22059
678,05031
679,12103
680,48485
681,47061
682,28065
683,27003
684,22121
685,55133
686,30085
687,27137
688,17049
689,37117
690,13133
691,23027
692,36065
693,22087
694,19129
695,12029
696,29071
697,45033
698,39129
699,12105
700,37151
701,27029
702,48281
703,54095
704,13157
705,24013
706,37141
707,40021
708,01015
709,27061
710,36093
711,39083
712,21073
713,37019
714,21025
715,13321
716,55105
717,39065
718,54069
719,40115
720,05023
721,24019
722,13017
723,37059
724,05055
725,27043
726,39115
727,13213
728,39023
729,36059
730,19031
731,21131
732,33013
733,55023
734,22067
735,53045
736,19071
737,16039
738,22085
739,39027
740,27069
741,02068
742,19105
743,46067
744,31111
745,13223
746,13199
747,17081
748,39147
749,22063
750,13111
751,01131
752,48459
753,34011
754,21143
755,55001
756,38031
757,42025
758,30025
759,55057
760,19153
761,29175
762,26099
763,46023
764,39013
765,23025
766,21125
767,36007
768,13075
769,36101
770,27045
771,19123
772,48399
773,21221
774,28055
775,21013
776,27033
777,28049
778,12055
779,38017
780,51081
781,13259
782,40071
783,53027
784,28089
785,37101
786,17123
787,27001
788,27037
789,51053
790,42013
791,13025
792,53057
793,47123
794,39103
795,17135
796,13211
797,22041
798,47073
799,37157
800,48337
801,01127
802,51590
803,05103
804,31181
805,02180
806,22089
807,39085
808,22101
809,55085
810,37093
811,31095
812,40015
813,36053
814,13233
815,40101
816,36079
817,45029
818,16079
819,12113
820,54085
821,37179
822,37085
823,36115
824,51790
825,19017
826,37199
827,16061
828,48081
829,39093
830,37033
831,42081
832,27079
833,27041
834,39113
835,31021
836,17139
837,44003
838,06021
839,37047
840,30071
841,40075
842,28113
843,51117
844,05083
845,16087
846,12115
847,26129
848,34001
849,47079
850,05059
851,53035
852,30029
853,26017
854,28135
855,22025
856,28057
857,48097
858,47069
859,55089
860,17041
861,22053
862,13129
863,31153
864,37181
865,40023
866,22037
867,48067
868,54109
869,19155
870,31055
871,39021
872,26119
873,54081
874,31027
875,19175
876,27017
877,35021
878,29023
879,31053
880,55125
881,36033
882,16021
883,28047
884,42035
885,46127
886,13045
887,44009
888,51595
889,37159
890,27141
891,22115
892,47059
893,38059
894,46057
895,54051
896,48497
897,36095
898,54067
899,27157
900,37165
901,51036
902,39139
903,24011
904,39097
905,37129
906,48311
907,39145
908,39009
909,19187
910,37187
911,27049
912,46065
913,05047
914,27091
915,22055
916,21209
917,47119
918,31065
919,51111
920,29143
921,21177
922,26085
923,39031
924,06007
925,01123
926,27067
927,17169
928,48027
929,13277
930,13117
931,48277
932,23031
933,28107
934,48007
935,37097
936,40067
937,19119
938,23013
939,21119
940,31127
941,28091
942,48435
943,42099
944,05095
945,42069
946,37061
947,55069
948,29137
949,13119
950,42049
951,53053
952,19167
953,33001
954,47161
955,22017
956,51137
957,37069
958,13123
959,54065
960,13015
961,33007
962,13275
963,22073
964,47177
965,54021
966,19173
967,55099
968,27021
969,17015
970,28151
971,05141
972,17163
973,53061
974,21211
975,13181
976,54025
977,54107
978,17141
979,40003
980,48499
981,37081
982,19183
983,24009
984,21175
985,29099
986,13207
987,53067
988,47039
989,12005
990,13291
991,48223
992,37169
993,39077
994,31081
995,02164
996,37023
997,41007
998,30093
999,19161
1000,24005
1001,47015
1002,24035
1003,13285
1004,21003
1005,37031
1006,12003
1007,22079
1008,13097
1009,42113
1010,29041
1011,17093
1012,13151
1013,22043
1014,17111
1015,54029
1016,47009
1017,19141
1018,27097
1019,05025
1020,24510
1021,54105
1022,51149
1023,17157
1024,40125
1025,27083
1026,13283
1027,46029
1028,28147
1029,37121
1030,13287
1031,31151
1032,17051
1033,29021
1034,27039
1035,48251
1036,21091
1037,17013
1038,26163
1039,17105
1040,21067
1041,47107
1042,40053
1043,17147
1044,21005
1045,19043
1046,47183
1047,51620
1048,27077
1049,47049
1050,47163
1051,13001
1052,42087
1053,38027
1054,34019
1055,45021
1056,48437
1057,29121
1058,16075
1059,38083
1060,05033
1061,27171
1062,05145
1063,39039
1064,17069
1065,22015
1066,29163
1067,39095
1068,29221
1069,19115
1070,19083
1071,29053
1072,48379
1073,21205
1074,13085
1075,28059
1076,47099
1077,05127
1078,25023
1079,47185
1080,39035
1081,30049
1082,13245
1083,37185
1084,37025
1085,29169
1086,37131
1087,33005
1088,28045
1089,05085
1090,29081
1091,48115
1092,42111
1093,46013
1094,53073
1095,46037
1096,39073
1097,13153
1098,39025
1099,26039
1100,42011
1101,36003
1102,19061
1103,33015
1104,08061
1105,22081
1106,30035
1107,48321
1108,19103
1109,42021
1110,27131
1111,22033
1112,13215
1113,09011
1114,55083
1115,12039
1116,13279
1117,49013
1118,01079
1119,13065
1120,37051
1121,30055
1122,48051
1123,40035
1124,47089
1125,39005
1126,05037
1127,38071
1128,37003
1129,01051
1130,42015
1131,47053
1132,51147
1133,34021
1134,47121
1135,29117
1136,37115
1137,42007
1138,42067
1139,27169
1140,48407
1141,24029
1142,48221
1143,36041
1144,29159
1145,02130
1146,53031
1147,54077
1148,40059
1149,42121
1150,13237
1151,22127
1152,21213
1153,27105
1154,29031
1155,48463
1156,48387
1157,55009
1158,26001
1159,09007
1160,48403
1161,19099
1162,39109
1163,28133
1164,27123
1165,13179
1166,29075
1167,51775
1168,40049
1169,47029
1170,13241
1171,24041
1172,12007
1173,13299
1174,09009
1175,42005
1176,24037
1177,47173
1178,17103
1179,53029
1180,28007
1181,12123
1182,37079
1183,48291
1184,28025
1185,55071
1186,13185
1187,09015
1188,12049
1189,17073
1190,13225
1191,29003
1192,45087
1193,31131
1194,05053
1195,51157
1196,23023
1197,26125
1198,12119
1199,47033
1200,17165
1201,55081
1202,51099
1203,17095
1204,16023
1205,42119
1206,12093
1207,28157
1208,19055
1209,36071
1210,21061
1211,22065
1212,39143
1213,47031
1214,54075
1215,49025
1216,39045
1217,26143
1218,39061
1219,29059
1220,37037
1221,27121
1222,05029
1223,29129
1224,27133
1225,26145
1226,23011
1227,31147
1228,17197
1229,48077
1230,47025
1231,26007
1232,27145
1233,30047
1234,27139
1235,19039
1236,13021
1237,22021
1238,38067
1239,55053
1240,22019
1241,55019
1242,31121
1243,12111
1244,22107
1245,28093
1246,27065
1247,50021
1248,45043
1249,46089
1250,12121
1251,48375
1252,37067
1253,48423
1254,13317
1255,39029
1256,13115
1257,17087
1258,48455
1259,28125
1260,26035
1261,34027
1262,29131
1263,13107
1264,47045
1265,09003
1266,39019
1267,51770
1268,40087
1269,40137
1270,36025
1271,48289
1272,54003
1273,19185
1274,40129
1275,48035
1276,13077
1277,45047
1278,12015
1279,22075
1280,26075
1281,28131
1282,13033
1283,47181
1284,53047
1285,48305
1286,48503
1287,39173
1288,30053
1289,47165
1290,27093
1291,53017
1292,51197
1293,09013
1294,17155
1295,26147
1296,13313
1297,55123
1298,54057
1299,19181
1300,13191
1301,21033
1302,48033
1303,29157
1304,13055
1305,13019
1306,46035
1307,05035
1308,40081
1309,01103
1310,45045
1311,42123
1312,39007
1313,47147
1314,56029
1315,37039
1316,39165
1317,19087
1318,49043
1319,12117
1320,29186
1321,39043
1322,37089
1323,13167
1324,01063
1325,38063
1326,01027
1327,40119
1328,31001
1329,17039
1330,31067
1331,23003
1332,27103
1333,40061
1334,42109
1335,31177
1336,29205
1337,39055
1338,40151
1339,51033
1340,17101
1341,36089
1342,48361
1343,13069
1344,47105
1345,22051
1346,48473
1347,16029
1348,19191
1349,55039
1350,47035
1351,47001
1352,53007
1353,48353
1354,19143
1355,29219
1356,40011
1357,38077
1358,47151
1359,13067
1360,13071
1361,42017
1362,34003
1363,01035
1364,13005
1365,55129
1366,05005
1367,42003
1368,41009
1369,29141
1370,48457
1371,37149
1372,48383
1373,47027
1374,13121
1375,46059
1376,51800
1377,42133
1378,22057
1379,39159
1380,05139
1381,51097
1382,17067
1383,01109
1384,48507
1385,06087
1386,19065
1387,29073
1388,28061
1389,16027
1390,37013
1391,28117
1392,05067
1393,38015
1394,48207
1395,48257
1396,21227
1397,51175
1398,30105
1399,31141
1400,48467
1401,54063
1402,48233
1403,54061
1404,48331
1405,05051
1406,09005
1407,13063
1408,29203
1409,13193
1410,13147
1411,48351
1412,37105
1413,39017
1414,48171
1415,37119
1416,48199
1417,31051
1418,47063
1419,40143
1420,28155
1421,41013
1422,17185
1423,36027
1424,46097
1425,32019
1426,48181
1427,39153
1428,23017
1429,47097
1430,42073
1431,40121
1432,51045
1433,40127
1434,22091
1435,06089
1436,30041
1437,17017
1438,12085
1439,01129
1440,01121
1441,45023
1442,47077
1443,31185
1444,31119
1445,10005
1446,01013
1447,05039
1448,47145
1449,38101
1450,37015
1451,31083
1452,47065
1453,28087
1454,17181
1455,51047
1456,55139
1457,17195
1458,26111
1459,29083
1460,51177
1461,26019
1462,19077
1463,29179
1464,47057
1465,27147
1466,42039
1467,37197
1468,36087
1469,37017
1470,29027
1471,41033
1472,48451
1473,27161
1474,19081
1475,01001
1476,31129
1477,29153
1478,19177
1479,42085
1480,37135
1481,48293
1482,28137
1483,05009
1484,48425
1485,09001
1486,28029
1487,13127
1488,40031
1489,29107
1490,17097
1491,39157
1492,17029
1493,33003
1494,27053
1495,21007
1496,28067
1497,48203
1498,13251
1499,45077
1500,55051
1501,19051
1502,25003
1503,29189
1504,29007
1505,37063
1506,28073
1507,22095
1508,16017
1509,30017
1510,17019
1511,05125
1512,39057
1513,40073
1514,29115
1515,39033
1516,48413
1517,16055
1518,05107
1519,17133
1520,38035
1521,37183
1522,47003
1523,27099
1524,27013
1525,29091
1526,24003
1527,41051
1528,37021
1529,40103
1530,47041
1531,25027
1532,05073
1533,17201
1534,29161
1535,26055
1536,13303
1537,46069
1538,55117
1539,50019
1540,47131
1541,19165
1542,48005
1543,17127
1544,48135
1545,54055
1546,30003
1547,49009
1548,48469
1549,47047
1550,48083
1551,40131
1552,46079
1553,37195
1554,48267
1555,48401
1556,42047
1557,42009
1558,33011
1559,36119
1560,05011
1561,27101
1562,29065
1563,19117
1564,39049
1565,55003
1566,39133
1567,31155
1568,06079
1569,30099
1570,37147
1571,19047
1572,29011
1573,54009
1574,48177
1575,46083
1576,51710
1577,36111
1578,45073
1579,05131
1580,19027
1581,51037
1582,29079
1583,24043
1584,48309
1585,39151
1586,48167
1587,19189
1588,48231
1589,40147
1590,01119
1591,25021
1592,17159
1593,26011
1594,51087
1595,31041
1596,28101
1597,37123
1598,31143
1599,12027
1600,13109
1601,01065
1602,45091
1603,29229
1604,25005
1605,12081
1606,01055
1607,55121
1608,42105
1609,54037
1610,51093
1611,42051
1612,05123
1613,50005
1614,26057
1615,38041
1616,28139
1617,21101
1618,17059
1619,48185
1620,17109
1621,47093
1622,55031
1623,40123
1624,19169
1625,51073
1626,16001
1627,19101
1628,29135
1629,32510
1630,39041
1631,42115
1632,27085
1633,28015
1634,48441
1635,51015
1636,48045
1637,19157
1638,31093
1639,39003
1640,23001
1641,16035
1642,45075
1643,31019
1644,28103
1645,55055
1646,06083
1647,40091
1648,47189
1649,27055
1650,46117
1651,23007
1652,01075
1653,21219
1654,21165
1655,05045
1656,26135
1657,10003
1658,37035
1659,29195
1660,42065
1661,47051
1662,29183
1663,13145
1664,13235
1665,02020
1666,48501
1667,46102
1668,45067
1669,51023
1670,19003
1671,26151
1672,12073
1673,51067
1674,28011
1675,49001
1676,12097
1677,48139
1678,29015
1679,55135
1680,51101
1681,46107
1682,48197
1683,34035
1684,45035
1685,45027
1686,16019
1687,47149
1688,05013
1689,28123
1690,47007
1691,48161
1692,17033
1693,47125
1694,13113
1695,49007
1696,56021
1697,51740
1698,13293
1699,13125
1700,48099
1701,55043
1702,47179
1703,40133
1704,05063
1705,47141
1706,42043
1707,50007
1708,05115
1709,42101
1710,12067
1711,13135
1712,06103
1713,21233
1714,28003
1715,27047
1716,26087
1717,29019
1718,26165
1719,48193
1720,51119
1721,51550
1722,31039
1723,47109
1724,47139
1725,45059
1726,44001
1727,55029
1728,48449
1729,45083
1730,45041
1731,51760
1732,34039
1733,50023
1734,17043
1735,55115
1736,51109
1737,51065
1738,21105
1739,01101
1740,48483
1741,40149
1742,55005
1743,16045
1744,38075
1745,13247
1746,13099
1747,25001
1748,33009
1749,06115
1750,55063
1751,05049
1752,55021
1753,48285
1754,12001
1755,48265
1756,34031
1757,55073
1758,12077
1759,02122
1760,38003
1761,51810
1762,49023
1763,01091
1764,47153
1765,36109
1766,28033
1767,40051
1768,55107
1769,51009
1770,26045
1771,13141
1772,54047
1773,26089
1774,40001
1775,30011
1776,51063
1777,45065
1778,17045
1779,42103
1780,05077
1781,42071
1782,01067
1783,51193
1784,28023
1785,27019
1786,50003
1787,30073
1788,40079
1789,17089
1790,29047
1791,48053
1792,27063
1793,26069
1794,37043
1795,05149
1796,12051
1797,55141
1798,37011
1799,08099
1800,54089
1801,50011
1802,55025
1803,48491
1804,45007
1805,42045
1806,42001
1807,26101
1808,29185
1809,01007
1810,42117
1811,47133
1812,48049
1813,48039
1814,39117
1815,53055
1816,41047
1817,48037
1818,23005
1819,01005
1820,29101
1821,47135
1822,05119
1823,29213
1824,39011
1825,27135
1826,27009
1827,31145
1828,48409
1829,24021
1830,51005
1831,34023
1832,54013
1833,29171
1834,31135
1835,06041
1836,19049
1837,48349
1838,38029
1839,48381
1840,12047
1841,51041
1842,55041
1843,28085
1844,12071
1845,13307
1846,55097
1847,39137
1848,02070
1849,28009
1850,01003
1851,55037
1852,46011
1853,30089
1854,05071
1855,29037
1856,12045
1857,13265
1858,50027
1859,46015
1860,17007
1861,51159
1862,48359
1863,47171
1864,48303
1865,13089
1866,51029
1867,47129
1868,31089
1869,19109
1870,01115
1871,48009
1872,26033
1873,42091
1874,55061
1875,37193
1876,49045
1877,53033
1878,29009
1879,37095
1880,48025
1881,38099
1882,37091
1883,17023
1884,48133
1885,27073
1886,48259
1887,29051
1888,45069
1889,48123
1890,41035
1891,51161
1892,06023
1893,26123
1894,40095
1895,36105
1896,16049
1897,29225
1898,55111
1899,37113
1900,31023
1901,27149
1902,32001
1903,55087
1904,44007
1905,51181
1906,13023
1907,41005
1908,45019
1909,24017
1910,34013
1911,39149
1912,46101
1913,50025
1914,48249
1915,26107
1916,46125
1917,54017
1918,19009
1919,39099
1920,29049
1921,46135
1922,39069
1923,47157
1924,48439
1925,28099
1926,48031
1927,28005
1928,47187
1929,51021
1930,47011
1931,31157
1932,51077
1933,12013
1934,13295
1935,28153
1936,42053
1937,47055
1938,51145
1939,48089
1940,32021
1941,13059
1942,42075
1943,17161
1944,48219
1945,48209
1946,42061
1947,48145
1948,17047
1949,51680
1950,39107
1951,26025
1952,30063
1953,25013
1954,47113
1955,29167
1956,06061
1957,30097
1958,01017
1959,13051
1960,27153
1961,13267
1962,39051
1963,21055
1964,13073
1965,50015
1966,40063
1967,40019
1968,06097
1969,40013
1970,01105
1971,26021
1972,28149
1973,30009
1974,05097
1975,29145
1976,31059
1977,45055
1978,40141
1979,29209
1980,55017
1981,39169
1982,40029
1983,35057
1984,38097
1985,23015
1986,06111
1987,01097
1988,41071
1989,29043
1990,28159
1991,01033
1992,01011
1993,01073
1994,54023
1995,45063
1996,40009
1997,22071
1998,28079
1999,02170
2000,49053
2001,48021
2002,41029
2003,47087
2004,17177
2005,41069
2006,51735
2007,12091
2008,16051
2009,25009
2010,13175
2011,55013
2012,31101
2013,50017
2014,40047
2015,26073
2016,29045
2017,38089
2018,51085
2019,32005
2020,28021
2021,56011
2022,48335
2023,05015
2024,38011
2025,31015
2026,39091
2027,48001
2028,48287
2029,01045
2030,48405
2031,55027
2032,17031
2033,48227
2034,46103
2035,01069
2036,40109
2037,13209
2038,28121
2039,51750
2040,40113
2041,39161
2042,17113
2043,31079
2044,22029
2045,16011
2046,46095
2047,13249
2048,46005
2049,45009
2050,13031
2051,16073
2052,01111
2053,13087
2054,02198
2055,30031
2056,37099
2057,42063
2058,45025
2059,01133
2060,26155
2061,39063
2062,48057
2063,49005
2064,12099
2065,45031
2066,16053
2067,26159
2068,26065
2069,05017
2070,08101
2071,48059
2072,29095
2073,26157
2074,29510
2075,29105
2076,48019
2077,48465
2078,46115
2079,01087
2080,39125
2081,46051
2082,30081
2083,42041
2084,55045
2085,51163
2086,48395
2087,17085
2088,40039
2089,48397
2090,28001
2091,37127
2092,27071
2093,48113
2094,42033
2095,13083
2096,31013
2097,02275
2098,40017
2099,16085
2100,13007
2101,51139
2102,48195
2103,37189
2104,48175
2105,12021
2106,05003
2107,37175
2108,45085
2109,29177
2110,16071
2111,49011
2112,16083
2113,48131
2114,37041
2115,01099
2116,47095
2117,13243
2118,46045
2119,40145
2120,41027
2121,36061
2122,51840
2123,48179
2124,42029
2125,37143
2126,06005
2127,13081
2128,45071
2129,55113
2130,47037
2131,37055
2132,28019
2133,29089
2134,06073
2135,01047
2136,13201
2137,16069
2138,26117
2139,13047
2140,50009
2141,39175
2142,41065
2143,51031
2144,16005
2145,45005
2146,51917
2147,51049
2148,13131
2149,19197
2150,40005
2151,26063
2152,31099
2153,26141
2154,48255
2155,31075
2156,30021
2157,38039
2158,45051
2159,32031
2160,48127
2161,39155
2162,29057
2163,56045
2164,46019
2165,17191
2166,28075
2167,47175
2168,42019
2169,46039
2170,54027
2171,46085
2172,30059
2173,01071
2174,48253
2175,38085
2176,05137
2177,08069
2178,31139
2179,26009
2180,06017
2181,29077
2182,01095
2183,01029
2184,06099
2185,37009
2186,48101
2187,26113
2188,48429
2189,28069
2190,29029
2191,01083
2192,55095
2193,50001
2194,01093
2195,45089
2196,16013
2197,45001
2198,48481
2199,40083
2200,37075
2201,01021
2202,31107
2203,16057
2204,26161
2205,29119
2206,12011
2207,51179
2208,12095
2209,41053
2210,17151
2211,01057
2212,05109
2213,13219
2214,02188
2215,48273
2216,01059
2217,26047
2218,56001
2219,48121
2220,22061
2221,19079
2222,49057
2223,31017
2224,12086
2225,41037
2226,17071
2227,28037
2228,17193
2229,08077
2230,01019
2231,19005
2232,06109
2233,48493
2234,16081
2235,27151
2236,16009
2237,48339
2238,51700
2239,26093
2240,45015
2241,26059
2242,31109
2243,48245
2244,56025
2245,48225
2246,16067
2247,29155
2248,42031
2249,48477
2250,25019
2251,44005
2252,06033
2253,48013
2254,30013
2255,01031
2256,29173
2257,29103
2258,49021
2259,31097
2260,46009
2261,48453
2262,51079
2263,48065
2264,45049
2265,31069
2266,41011
2267,46129
2268,13155
2269,31063
2270,30057
2271,06095
2272,05091
2273,05007
2274,13091
2275,26041
2276,39171
2277,30023
2278,26105
2279,42027
2280,48313
2281,16059
2282,51083
2283,55015
2284,48173
2285,48299
2286,16047
2287,05079
2288,36005
2289,06055
2290,56031
2291,26037
2292,06009
2293,48079
2294,46047
2295,41067
2296,13043
2297,48487
2298,31029
2299,29109
2300,35011
2301,31149
2302,26133
2303,06101
2304,55049
2305,42083
2306,48419
2307,40055
2308,24027
2309,48111
2310,51171
2311,53077
2312,55007
2313,13093
2314,15009
2315,41017
2316,26095
2317,47071
2318,26077
2319,40041
2320,25017
2321,56007
2322,31057
2323,06113
2324,16065
2325,51095
2326,36047
2327,13197
2328,29039
2329,08015
2330,47019
2331,29215
2332,35013
2333,48107
2334,31137
2335,42129
2336,48239
2337,53025
2338,51125
2339,05101
2340,49055
2341,48149
2342,40027
2343,41043
2344,49029
2345,05117
2346,15001
2347,51035
2348,28039
2349,53005
2350,05089
2351,48323
2352,38103
2353,16041
2354,01077
2355,45061
2356,08123
2357,36031
2358,51155
2359,21225
2360,30027
2361,25011
2362,26137
2363,13239
2364,51199
2365,16015
2366,45039
2367,42127
2368,02105
2369,31031
2370,01009
2371,13271
2372,13161
2373,06013
2374,26081
2375,56039
2376,48091
2377,16031
2378,48235
2379,48391
2380,51650
2381,51091
2382,55119
2383,27031
2384,02090
2385,08073
2386,12043
2387,48085
2388,31037
2389,48325
2390,48029
2391,45079
2392,51089
2393,06059
2394,15003
2395,48187
2396,26067
2397,05099
2398,29085
2399,05105
2400,49041
2401,55011
2402,49051
2403,56009
2404,30091
2405,28071
2406,13049
2407,45057
2408,06067
2409,25015
2410,04025
2411,48041
2412,51187
2413,01043
2414,01061
2415,29001
2416,05081
2417,48075
2418,04012
2419,49003
2420,29147
2421,48283
2422,35043
2423,13003
2424,26031
2425,26015
2426,29013
2427,25025
2428,01089
2429,19021
2430,49035
2431,40065
2432,16063
2433,04015
2434,02150
2435,48055
2436,06045
2437,51133
2438,48461
2439,08031
2440,48201
2441,28105
2442,05113
2443,56003
2444,48415
2445,30109
2446,02158
2447,24023
2448,31163
2449,51141
2450,25007
2451,12037
2452,48093
2453,13269
2454,47091
2455,06043
2456,13183
2457,39037
2458,51165
2459,42055
2460,08001
2461,37139
2462,06029
2463,56033
2464,51113
2465,29061
2466,31103
2467,08059
2468,48297
2469,48015
2470,48333
2471,06057
2472,35035
2473,31085
2474,38037
2475,05027
2476,55035
2477,53069
2478,41061
2479,48417
2480,26071
2481,47127
2482,48271
2483,26023
2484,26149
2485,29033
2486,38019
2487,53021
2488,48191
2489,55103
2490,36081
2491,56037
2492,41031
2493,06081
2494,55109
2495,29197
2496,46123
2497,08035
2498,06071
2499,08107
2500,26027
2501,41019
2502,47137
2503,21063
2504,04019
2505,35051
2506,48153
2507,06065
2508,53049
2509,45017
2510,45011
2511,46007
2512,02110
2513,19001
2514,06069
2515,48047
2516,29005
2517,16003
2518,48319
2519,51069
2520,06077
2521,26049
2522,08089
2523,48475
2524,51600
2525,30061
2526,41057
2527,04013
2528,35061
2529,01039
2530,48329
2531,48157
2532,53041
2533,05061
2534,01117
2535,29165
2536,41049
2537,24031
2538,05065
2539,06039
2540,13165
2541,04003
2542,31047
2543,13315
2544,01053
2545,40033
2546,08005
2547,48347
2548,49049
2549,49027
2550,28041
2551,31179
2552,05087
2553,48143
2554,05143
2555,38051
2556,51720
2557,46119
2558,48345
2559,08014
2560,08055
2561,24033
2562,29217
2563,08045
2564,01125
2565,31043
2566,08029
2567,46061
2568,53037
2569,38045
2570,48445
2571,08013
2572,30039
2573,42057
2574,29025
2575,06019
2576,26097
2577,04021
2578,53015
2579,41015
2580,08041
2581,48427
2582,51003
2583,53013
2584,12131
2585,26005
2586,53071
2587,01037
2588,30101
2589,51540
2590,40057
2591,48279
2592,45003
2593,41041
2594,48141
2595,31133
2596,08119
2597,40045
2598,53039
2599,29063
2600,12065
2601,26091
2602,08085
2603,08043
2604,56013
2605,49017
2606,56005
2607,38013
2608,30067
2609,49039
2610,48341
2611,41063
2612,17065
2613,12087
2614,35001
2615,48129
2616,16077
2617,06075
2618,26103
2619,46093
2620,41059
2621,48117
2622,01023
2623,48003
2624,08009
2625,40093
2626,06085
2627,48355
2628,16007
2629,51001
2630,55033
2631,51121
2632,32023
2633,46033
2634,29211
2635,48163
2636,08039
2637,16037
2638,38095
2639,04027
2640,31049
2641,48189
2642,08081
2643,46081
2644,38033
2645,40007
2646,48411
2647,35028
2648,26003
2649,06047
2650,05057
2651,34017
2652,53011
2653,16043
2654,51660
2655,38043
2656,40085
2657,30045
2658,48211
2659,49019
2660,51011
2661,48205
2662,40139
2663,05133
2664,31159
2665,38073
2666,26029
2667,08091
2668,51061
2669,26109
2670,48389
2671,56023
2672,32029
2673,45081
2674,31123
2675,06053
2676,06011
2677,51143
2678,51173
2679,39121
2680,40099
2681,26139
2682,08067
2683,48237
2684,45013
2685,15007
2686,32003
2687,53063
2688,08095
2689,06001
2690,56017
2691,55091
2692,48295
2693,48393
2694,48247
2695,35053
2696,30001
2697,04017
2698,48103
2699,48169
2700,01049
2701,49047
2702,48443
2703,06037
2704,38069
2705,30075
2706,32011
2707,31161
2708,51107
2709,49015
2710,01113
2711,35029
2712,51051
2713,02050
2714,29067
2715,35009
2716,48505
2717,04011
2718,02060
2719,06031
2720,40153
2721,48061
2722,37005
2723,12079
2724,35037
2725,06025
2726,51610
2727,29125
2728,08071
2729,41023
2730,06107
2731,48215
2732,08103
2733,48371
2734,35015
2735,06063
2736,37029
2737,26115
2738,46109
2739,53001
2740,02261
2741,38023
2742,48327
2743,35006
2744,38093
2745,06093
2746,48495
2747,38105
2748,51683
2749,51195
2750,54031
2751,30015
2752,31073
2753,35025
2754,35049
2755,08087
2756,56035
2757,26153
2758,02220
2759,56019
2760,30083
2761,48479
2762,53043
2763,12133
2764,55093
2765,30005
2766,08115
2767,35059
2768,31033
2769,45037
2770,49033
2771,53051
2772,41045
2773,51153
2774,51043
2775,38021
2776,51685
2777,08093
2778,56041
2779,53023
2780,49031
2781,54071
2782,08121
2783,26043
2784,38091
2785,32013
2786,48017
2787,02230
2788,47103
2789,06027
2790,49037
2791,45053
2792,02100
2793,51185
2794,53065
2795,13253
2796,01081
2797,56043
2798,08033
2799,48263
2800,16025
2801,06015
2802,08105
2803,35005
2804,35019
2805,46091
2806,53059
2807,26131
2808,56015
2809,39075
2810,38053
2811,41025
2812,48069
2813,26013
2814,51510
2815,08003
2816,51059
2817,41003
2818,16033
2819,08051
2820,32017
2821,48357
2822,48165
2823,48489
2824,08063
2825,08113
2826,32007
2827,48109
2828,06035
2829,08075
2830,31105
2831,51167
2832,04005
2833,04009
2834,08083
2835,13309
2836,04007
2837,02195
2838,35027
2839,26127
2840,31183
2841,48369
2842,46137
2843,53003
2844,35045
2845,08027
2846,41055
2847,35003
2848,41039
2849,35023
2850,02185
2851,38025
2852,26053
2853,04023
2854,35041
2855,35017
2856,37053
2857,51013
2858,12063
2859,35055
2860,35047
2861,08023
2862,31045
2863,26121
2864,13061
2865,08037
2866,46105
2867,08007
2868,51105
2869,08065
2870,35033
2871,51191
2872,08125
2873,35031
2874,51027
2875,08011
2876,32027
2877,35039
2878,04001
2879,06105
2880,48087
2881,30033
2882,08025
2883,41001
2884,53019
2885,08049
2886,26061
2887,35007
2888,32015
2889,08097
2890,37073
2891,38001
2892,29199
2893,48377
2894,48421
2895,48043
2896,38047
2897,46063
2898,06051
2899,06049
2900,02016
2901,46031
2902,31167
2903,30019
2904,08117
2905,08019
2906,32033
2907,08021
2908,51520
2909,46021
2910,12059
2911,31091
2912,48095
2913,48447
2914,56027
2915,08047
2916,06003
2917,53075
2918,51169
2919,08109
2920,06091
2921,40025
2922,31165
2923,41021
2924,26083
2925,02013
2926,38065
2927,48243
2928,08079
2929,08053
