river_node_id,county_node_id,edge_type,fips
200000,1772,river <-> county,05041
200000,603,river <-> county,05079
200000,299,river <-> county,05001
200000,602,river <-> county,05069
200000,2358,river <-> county,05119
200000,930,river <-> county,05105
200000,1229,river <-> county,05149
200000,2264,river <-> county,40079
200000,3025,river <-> county,05131
200000,222,river <-> county,05083
200000,2974,river <-> county,40061
200000,44,river <-> county,40135
200000,1524,river <-> county,05047
200000,1553,river <-> county,05033
200000,1606,river <-> county,05045
200000,2231,river <-> county,05029
200000,2833,river <-> county,05115
200000,516,river <-> county,05071
200000,428,river <-> county,40101
200000,1769,river <-> county,40145
200000,2630,river <-> county,40143
200000,2167,river <-> county,40117
200000,1308,river <-> county,20191
200000,1376,river <-> county,40103
200000,1846,river <-> county,40113
200000,1121,river <-> county,40071
200000,515,river <-> county,20035
200000,2594,river <-> county,20097
200000,1420,river <-> county,20057
200000,3123,river <-> county,20069
200000,2533,river <-> county,20047
200000,2766,river <-> county,20093
200000,2515,river <-> county,20055
200000,1272,river <-> county,20145
200000,3202,river <-> county,20173
200000,3084,river <-> county,20155
200000,2538,river <-> county,20079
200000,2191,river <-> county,20159
200000,1061,river <-> county,20009
200000,1371,river <-> county,08089
200000,1520,river <-> county,08011
200000,425,river <-> county,08099
200000,187,river <-> county,20075
200000,545,river <-> county,08101
200000,714,river <-> county,08025
200000,715,river <-> county,08043
200000,713,river <-> county,08015
200000,1922,river <-> county,08065
200001,397,river <-> county,04027
200001,2561,river <-> county,06025
200001,2389,river <-> county,04012
200001,1625,river <-> county,06065
200001,1108,river <-> county,06071
200001,2215,river <-> county,04015
200001,1307,river <-> county,04005
200001,150,river <-> county,32003
200001,1200,river <-> county,49025
200001,2813,river <-> county,49037
200001,1430,river <-> county,49017
200001,634,river <-> county,08037
200001,2947,river <-> county,08077
200001,3095,river <-> county,49019
200001,3178,river <-> county,08049
200001,946,river <-> county,08045
200001,1692,river <-> county,08107
200002,2109,river <-> county,41065
200002,2270,river <-> county,41055
200002,1740,river <-> county,41021
200002,220,river <-> county,41049
200002,2777,river <-> county,53011
200002,2239,river <-> county,53039
200002,1492,river <-> county,41009
200002,3228,river <-> county,53059
200002,2306,river <-> county,53015
200002,1949,river <-> county,53005
200002,2495,river <-> county,53071
200002,3200,river <-> county,53021
200002,1198,river <-> county,53037
200002,2639,river <-> county,53025
200002,2880,river <-> county,53043
200002,1930,river <-> county,53017
200002,1759,river <-> county,53007
200002,1351,river <-> county,53065
200002,1838,river <-> county,53019
200002,1337,river <-> county,53047
200003,1977,river <-> county,22051
200003,3105,river <-> county,22089
200003,1467,river <-> county,22093
200003,2502,river <-> county,22095
200003,3043,river <-> county,22005
200003,993,river <-> county,22047
200003,2817,river <-> county,22121
200003,2004,river <-> county,22033
200003,1378,river <-> county,22077
200003,782,river <-> county,22037
200003,2578,river <-> county,22125
200003,2563,river <-> county,28157
200003,2797,river <-> county,22029
200003,2786,river <-> county,28001
200003,185,river <-> county,22107
200003,2005,river <-> county,28021
200003,2894,river <-> county,22065
200003,877,river <-> county,28149
200003,294,river <-> county,28055
200003,781,river <-> county,22035
200003,292,river <-> county,28151
200003,2829,river <-> county,05017
200003,1772,river <-> county,05041
200003,729,river <-> county,28011
200003,2154,river <-> county,28027
200003,1466,river <-> county,05107
200003,527,river <-> county,28143
200003,2188,river <-> county,05077
200003,2987,river <-> county,28033
200003,2579,river <-> county,05035
200003,2235,river <-> county,47157
200003,1281,river <-> county,05093
200003,1555,river <-> county,29186
200003,2343,river <-> county,29099
200003,2288,river <-> county,17133
200003,1953,river <-> county,29189
200003,3142,river <-> county,29510
200003,1481,river <-> county,29183
200003,2344,river <-> county,29113
200003,212,river <-> county,17083
200003,2099,river <-> county,17013
200003,656,river <-> county,29163
200003,856,river <-> county,29173
200003,1685,river <-> county,17149
200003,941,river <-> county,29127
200003,751,river <-> county,17001
200003,1784,river <-> county,29111
200003,85,river <-> county,17067
200003,1572,river <-> county,29045
200003,2248,river <-> county,19111
200003,2998,river <-> county,17071
200003,2156,river <-> county,19057
200003,357,river <-> county,17131
200003,2659,river <-> county,19115
200003,2704,river <-> county,19139
200003,592,river <-> county,17161
200003,1535,river <-> county,22075
200003,783,river <-> county,22087
200003,2981,river <-> county,22071
200003,2816,river <-> county,47167
200003,353,river <-> county,47097
200003,3065,river <-> county,47045
200003,3133,river <-> county,29155
200003,565,river <-> county,47095
200003,2537,river <-> county,21075
200003,3222,river <-> county,29143
200003,1871,river <-> county,21105
200003,2496,river <-> county,29133
200003,1587,river <-> county,21039
200003,658,river <-> county,29201
200003,2044,river <-> county,21007
200003,2342,river <-> county,17003
200003,2494,river <-> county,29031
200003,1139,river <-> county,17181
200003,2672,river <-> county,29157
200003,1675,river <-> county,17157
200003,2209,river <-> county,17119
200003,2157,river <-> county,19163
200003,341,river <-> county,19045
200003,2922,river <-> county,17015
200003,943,river <-> county,19097
200003,1173,river <-> county,17085
200003,747,river <-> county,19061
200003,2820,river <-> county,55043
200003,1057,river <-> county,19043
200003,1203,river <-> county,55023
200003,3150,river <-> county,19005
200003,604,river <-> county,55123
200003,1756,river <-> county,27157
200003,3098,river <-> county,55011
200003,1009,river <-> county,27049
200003,2590,river <-> county,55091
200003,3161,river <-> county,27055
200003,154,river <-> county,55063
200003,876,river <-> county,27169
200003,1410,river <-> county,55121
200003,1568,river <-> county,27037
200003,144,river <-> county,55093
200003,1662,river <-> county,27123
200003,2678,river <-> county,27053
200003,1775,river <-> county,27163
200003,1614,river <-> county,27003
200003,632,river <-> county,27171
200003,1911,river <-> county,27141
200003,1909,river <-> county,27145
200003,1707,river <-> county,27009
200003,2616,river <-> county,27097
200003,288,river <-> county,27001
200003,1792,river <-> county,27035
200003,1544,river <-> county,27021
200003,1073,river <-> county,27061
200003,3006,river <-> county,27029
200003,903,river <-> county,27007
200004,1366,river <-> county,29151
200004,821,river <-> county,29051
200004,2308,river <-> county,29135
200004,1460,river <-> county,29073
200004,1016,river <-> county,29071
200004,1953,river <-> county,29189
200004,1481,river <-> county,29183
200004,1862,river <-> county,29219
200004,879,river <-> county,29139
200004,2329,river <-> county,29027
200004,2148,river <-> county,29053
200004,507,river <-> county,29019
200004,685,river <-> county,29089
200004,1005,river <-> county,29195
200004,2903,river <-> county,29033
200004,1031,river <-> county,29041
200004,1891,river <-> county,29095
200004,1273,river <-> county,20209
200004,1548,river <-> county,29107
200004,2955,river <-> county,20103
200004,2153,river <-> county,29047
200004,947,river <-> county,29177
200004,806,river <-> county,29165
200004,955,river <-> county,20005
200004,807,river <-> county,29021
200004,69,river <-> county,20043
200004,878,river <-> county,29003
200004,1490,river <-> county,29087
200004,2685,river <-> county,31147
200004,697,river <-> county,31127
200004,468,river <-> county,29005
200004,557,river <-> county,31131
200004,2251,river <-> county,19071
200004,764,river <-> county,31025
200004,1084,river <-> county,19129
200004,1672,river <-> county,31153
200004,1112,river <-> county,31055
200004,2025,river <-> county,19155
200004,2614,river <-> county,31177
200004,262,river <-> county,19085
200004,1823,river <-> county,31021
200004,2608,river <-> county,19133
200004,1194,river <-> county,31173
200004,2899,river <-> county,31027
200004,2340,river <-> county,19193
200004,95,river <-> county,31043
200004,1987,river <-> county,31051
200004,2926,river <-> county,46127
200004,1146,river <-> county,46027
200004,1615,river <-> county,46009
200004,1155,river <-> county,46135
200004,2898,river <-> county,46023
200004,3076,river <-> county,46053
200004,561,river <-> county,46015
200004,1409,river <-> county,46085
200004,2272,river <-> county,46017
200004,2422,river <-> county,46065
200004,2042,river <-> county,46117
200004,2423,river <-> county,46069
200004,622,river <-> county,46119
200004,2350,river <-> county,46107
200004,1122,river <-> county,46041
200004,740,river <-> county,46129
200004,3075,river <-> county,46031
200004,1579,river <-> county,46021
200004,1487,river <-> county,30007
200004,2902,river <-> county,30069
200004,270,river <-> county,30049
200004,433,river <-> county,38057
200004,2722,river <-> county,38025
200004,2378,river <-> county,30055
200004,1441,river <-> county,30027
200004,1178,river <-> county,30013
200004,472,river <-> county,30033
200004,178,river <-> county,30015
200004,2964,river <-> county,30071
200004,2096,river <-> county,38053
200004,1770,river <-> county,30083
200004,1494,river <-> county,38061
200004,2304,river <-> county,30085
200004,1421,river <-> county,38105
200004,2895,river <-> county,30105
200004,138,river <-> county,38085
200004,776,river <-> county,38029
200004,2821,river <-> county,38059
200004,487,river <-> county,38015
200004,2694,river <-> county,38065
200004,1528,river <-> county,38055
200004,2091,river <-> county,30005
200005,2496,river <-> county,29133
200005,2044,river <-> county,21007
200005,1898,river <-> county,21145
200005,2342,river <-> county,17003
200005,1583,river <-> county,17127
200005,2203,river <-> county,17153
200005,2398,river <-> county,21139
200005,265,river <-> county,17151
200005,331,river <-> county,21055
200005,1899,river <-> county,21225
200005,644,river <-> county,17059
200005,1423,river <-> county,17069
200005,3130,river <-> county,21163
200005,2534,river <-> county,21111
200005,1207,river <-> county,21059
200005,2437,river <-> county,21027
200005,1436,river <-> county,21101
200005,1185,river <-> county,21091
200005,2088,river <-> county,18147
200005,1015,river <-> county,18163
200005,386,river <-> county,18129
200005,112,river <-> county,18123
200005,234,river <-> county,18173
200005,3234,river <-> county,54099
200005,1706,river <-> county,21161
200005,3186,river <-> county,21019
200005,511,river <-> county,54011
200005,2056,river <-> county,21135
200005,1428,river <-> county,21089
200005,657,river <-> county,39087
200005,303,river <-> county,39145
200005,3172,river <-> county,39053
200005,659,river <-> county,39001
200005,2748,river <-> county,54053
200005,652,river <-> county,54035
200005,2728,river <-> county,39105
200005,1383,river <-> county,18061
200005,1283,river <-> county,18043
200005,2692,river <-> county,21185
200005,1502,river <-> county,18019
200005,2708,river <-> county,21223
200005,2506,river <-> county,21041
200005,1783,river <-> county,18025
200005,1249,river <-> county,18077
200005,1870,river <-> county,18155
200005,2617,river <-> county,42003
200005,236,river <-> county,21077
200005,720,river <-> county,21117
200005,532,river <-> county,39015
200005,1573,river <-> county,21015
200005,2194,river <-> county,21037
200005,2656,river <-> county,39025
200005,2374,river <-> county,39061
200005,1018,river <-> county,54107
200005,2170,river <-> county,39009
200005,1289,river <-> county,54073
200005,2531,river <-> county,39167
200005,1927,river <-> county,54095
200005,169,river <-> county,54103
200005,609,river <-> county,39111
200005,651,river <-> county,54051
200005,2484,river <-> county,39013
200005,2975,river <-> county,54069
200005,2805,river <-> county,54009
200005,2171,river <-> county,39081
200005,820,river <-> county,54029
200005,19,river <-> county,42007
200005,2441,river <-> county,39029
200006,1378,river <-> county,22077
200006,2578,river <-> county,22125
200006,2797,river <-> county,22029
200006,1575,river <-> county,22009
200006,1561,river <-> county,22079
200006,467,river <-> county,22043
200006,1649,river <-> county,22025
200006,2243,river <-> county,22069
200006,1597,river <-> county,22127
200006,1888,river <-> county,22081
200006,1864,river <-> county,22017
200006,2324,river <-> county,22015
200006,1635,river <-> county,48097
200006,1914,river <-> county,48337
200006,38,river <-> county,48077
200006,68,river <-> county,48147
200006,368,river <-> county,48277
200006,240,river <-> county,48181
200006,2487,river <-> county,40013
200006,167,river <-> county,40095
200006,2454,river <-> county,40023
200006,2843,river <-> county,48487
200006,2287,river <-> county,48197
200006,1853,river <-> county,48075
200006,2036,river <-> county,48191
200006,1521,river <-> county,40065
200006,1360,river <-> county,40085
200006,1166,river <-> county,48485
200006,2127,river <-> county,40067
200006,742,river <-> county,40033
200006,1867,river <-> county,40141
200006,1114,river <-> county,40057
200006,2653,river <-> county,05073
200006,224,river <-> county,05091
200006,939,river <-> county,48037
200006,2283,river <-> county,48387
200006,1663,river <-> county,05081
200006,3223,river <-> county,05057
200006,762,river <-> county,40089
200007,2772,river <-> county,48043
200007,1236,river <-> county,48377
200007,2141,river <-> county,48443
200007,1560,river <-> county,48229
200007,2528,river <-> county,48141
200007,1052,river <-> county,35013
200007,2942,river <-> county,35051
200007,1225,river <-> county,35053
200007,3148,river <-> county,35061
200007,2734,river <-> county,35001
200007,882,river <-> county,35043
200007,3151,river <-> county,48061
200007,217,river <-> county,48215
200007,2456,river <-> county,48427
200007,3184,river <-> county,48505
200007,3058,river <-> county,48479
200007,909,river <-> county,48323
200007,459,river <-> county,48271
200007,2606,river <-> county,48465
200007,2551,river <-> county,35049
200007,1240,river <-> county,35028
200007,2206,river <-> county,35039
200007,728,river <-> county,35055
200007,2812,river <-> county,08021
200007,680,river <-> county,08023
200007,1265,river <-> county,08079
200007,1696,river <-> county,08053
200007,406,river <-> county,08003
200007,2020,river <-> county,08105
200008,1697,river <-> county,16031
200008,33,river <-> county,56023
200008,2414,river <-> county,16083
200008,2360,river <-> county,16005
200008,305,river <-> county,16053
200008,596,river <-> county,16077
200008,2479,river <-> county,16073
200008,1161,river <-> county,16067
200008,2815,river <-> county,16047
200008,1404,river <-> county,16011
200008,620,river <-> county,16013
200008,456,river <-> county,16019
200008,653,river <-> county,16039
200008,1682,river <-> county,16001
200008,3117,river <-> county,16027
200008,1034,river <-> county,41045
200008,233,river <-> county,16065
200008,62,river <-> county,16051
200008,2819,river <-> county,56039
200008,1894,river <-> county,16075
200008,2622,river <-> county,16087
200008,1042,river <-> county,16003
200008,354,river <-> county,41001
200008,18,river <-> county,41063
200008,573,river <-> county,16049
200008,1816,river <-> county,53003
200008,2495,river <-> county,53071
200008,739,river <-> county,16069
200008,1158,river <-> county,53013
200008,2000,river <-> county,53023
200008,3200,river <-> county,53021
200008,2904,river <-> county,53075
200009,771,river <-> county,01095
200009,1204,river <-> county,01071
200009,2436,river <-> county,01103
200009,2293,river <-> county,01079
200009,2124,river <-> county,01089
200009,246,river <-> county,01033
200009,808,river <-> county,01083
200009,1710,river <-> county,01077
200009,1903,river <-> county,47071
200009,64,river <-> county,47115
200009,29,river <-> county,47065
200009,1188,river <-> county,47181
200009,3080,river <-> county,47039
200009,1774,river <-> county,47135
200009,1963,river <-> county,47143
200009,2255,river <-> county,47121
200009,790,river <-> county,47009
200009,362,river <-> county,47105
200009,1349,river <-> county,47145
200009,1889,river <-> county,47093
200009,1297,river <-> county,47085
200009,2756,river <-> county,47005
200009,1254,river <-> county,47083
200009,1564,river <-> county,47079
200009,1996,river <-> county,21035
200009,1020,river <-> county,47161
200009,2061,river <-> county,21221
200009,2079,river <-> county,21157
200009,1898,river <-> county,21145
200009,2398,river <-> county,21139
