Rank,trial_number,timestamp,train_MSE,train_RMSE,train_R2,validation_MSE,validation_RMSE,validation_R2,hidden_channels,lr,dropout,weight_decay,num_layers,aggr,activation,batch_norm,residual,accumulation_steps,state
1,69,4/29/2025 20:04,2075.600342,45.55875703,0.384859979,2596.872803,50.95952122,0.237383485,192,0.004320339,0.171785485,6.18E-05,3,mean,relu,FALSE,TRUE,8,1
2,240,4/29/2025 20:04,2046.894653,45.24261988,0.39336741,2607.960205,51.06819172,0.234127462,192,0.003490029,0.171714821,6.53E-05,3,mean,relu,FALSE,TRUE,6,1
3,267,4/29/2025 20:04,2073.64502,45.53729262,0.385439456,2617.24707,51.15903703,0.231400251,192,0.004425046,0.161420592,7.02E-05,3,mean,relu,FALSE,TRUE,8,1
4,167,4/29/2025 20:04,2075.708252,45.55994131,0.384827971,2624.503418,51.22990746,0.229269326,192,0.003569939,0.187914903,1.86E-05,3,mean,relu,FALSE,TRUE,6,1
5,114,4/29/2025 20:04,2082.114258,45.6301902,0.382929444,2629.239746,51.27611282,0.227878392,192,0.003464015,0.200605931,4.98E-05,3,mean,relu,FALSE,TRUE,6,1
6,58,4/29/2025 20:04,2101.433105,45.84139075,0.377204001,2636.717041,51.34897313,0.225682557,192,0.004054962,0.164227345,5.86E-05,3,mean,relu,FALSE,TRUE,8,1
7,87,4/29/2025 20:04,2078.413818,45.58962402,0.38402611,2638.991455,51.37111499,0.225014627,192,0.003764615,0.16500843,8.11E-05,3,mean,relu,FALSE,TRUE,8,1
8,182,4/29/2025 20:04,2063.985596,45.43110824,0.388302147,2639.19165,51.37306347,0.224955857,192,0.003754324,0.183762404,5.79E-05,3,mean,relu,FALSE,TRUE,6,1
9,44,4/29/2025 20:04,2092.700928,45.74604822,0.379791915,2639.31665,51.37428005,0.22491914,192,0.003630428,0.17565049,5.51E-05,3,mean,relu,FALSE,TRUE,6,1
10,228,4/29/2025 20:04,2026.179565,45.01310437,0.399506629,2645.199707,51.431505,0.2231915,192,0.003689487,0.21401933,2.16E-05,4,mean,relu,FALSE,TRUE,6,1
11,149,4/29/2025 20:04,2053.067139,45.31078391,0.391538024,2646.870117,51.44774161,0.222700953,192,0.003509376,0.181103667,5.71E-05,3,mean,relu,FALSE,TRUE,8,1
12,168,4/29/2025 20:04,2068.426758,45.47995996,0.386985958,2647.628906,51.45511545,0.222478151,192,0.003539626,0.168802619,1.42E-05,3,mean,relu,FALSE,TRUE,6,1
13,59,4/29/2025 20:04,2094.244873,45.76292029,0.379334331,2648.043945,51.45914832,0.2223562,192,0.004368128,0.150047822,6.13E-05,3,mean,relu,FALSE,TRUE,8,1
14,95,4/29/2025 20:04,2164.21875,46.52116454,0.358596325,2651.59082,51.4935998,0.221314609,192,0.003065266,0.179068649,7.79E-05,3,mean,relu,FALSE,TRUE,8,1
15,189,4/29/2025 20:04,2126.482178,46.11379596,0.369780242,2651.749512,51.49514066,0.221267998,192,0.004191054,0.169011385,6.46E-05,3,mean,relu,FALSE,TRUE,8,1
16,266,4/29/2025 20:04,2114.416748,45.98278752,0.373356044,2651.78125,51.49544883,0.22125864,192,0.00395707,0.16147561,5.15E-05,3,mean,relu,FALSE,TRUE,8,1
17,35,4/29/2025 20:04,2106.198486,45.89333815,0.375791609,2652.968262,51.50697294,0.220910132,160,0.003133616,0.167603046,7.01E-05,3,mean,relu,FALSE,TRUE,6,1
18,7,4/29/2025 20:04,2132.214111,46.17590401,0.36808145,2659.096924,51.56643214,0.21911037,192,0.003208448,0.153872474,5.63E-05,3,mean,relu,FALSE,TRUE,8,1
19,102,4/29/2025 20:04,2110.875732,45.94426768,0.374405444,2659.177734,51.56721569,0.219086587,192,0.00352058,0.17324645,5.02E-05,3,mean,relu,FALSE,TRUE,6,1
20,218,4/29/2025 20:04,2101.573486,45.84292188,0.377162337,2659.880615,51.57403043,0.218880177,192,0.003407014,0.197081818,5.71E-05,3,mean,relu,FALSE,TRUE,6,1
21,71,4/29/2025 20:04,2098.12915,45.80533976,0.378183126,2663.703613,51.61108033,0.217757523,192,0.004538271,0.169934556,6.15E-05,3,mean,relu,FALSE,TRUE,8,1
22,231,4/29/2025 20:04,2091.64502,45.73450579,0.38010484,2664.088379,51.61480775,0.217644513,192,0.003652735,0.2124268,2.84E-05,4,mean,relu,FALSE,TRUE,6,1
23,3,4/29/2025 20:04,2103.55835,45.86456529,0.376574099,2664.352783,51.61736901,0.217566848,192,0.003709741,0.214690232,8.20E-05,3,mean,relu,FALSE,TRUE,6,1
24,247,4/29/2025 20:04,2161.92627,46.4965189,0.359275818,2665.088135,51.62449162,0.2173509,192,0.003656898,0.167275728,2.39E-05,3,mean,relu,FALSE,TRUE,6,1
25,43,4/29/2025 20:04,2155.563232,46.4280436,0.36116159,2666.223877,51.63549048,0.217017353,192,0.00367767,0.173853311,5.78E-05,3,mean,relu,FALSE,TRUE,6,1
26,17,4/29/2025 20:04,2069.322998,45.48981202,0.386720359,2668.595459,51.65845002,0.216320872,192,0.003538864,0.186218877,4.25E-05,4,mean,relu,FALSE,TRUE,6,1
27,82,4/29/2025 20:04,2070.06543,45.49797171,0.386500299,2669.087402,51.6632113,0.21617645,192,0.003935474,0.173202337,5.21E-05,3,mean,relu,FALSE,TRUE,6,1
28,248,4/29/2025 20:04,2064.315674,45.43474082,0.388204336,2670.258789,51.67454682,0.215832472,192,0.00368903,0.166506578,5.82E-05,5,mean,relu,FALSE,TRUE,6,1
29,1,4/29/2025 20:04,2202.126953,46.92682552,0.347361624,2672.014893,51.69153599,0.215316713,128,0.002786207,0.191313344,2.44E-05,4,mean,relu,FALSE,TRUE,6,1
30,263,4/29/2025 20:04,2076.245361,45.56583546,0.384668827,2673.529053,51.70618002,0.214872062,192,0.003591387,0.153633931,5.72E-05,3,mean,relu,FALSE,TRUE,6,1
31,80,4/29/2025 20:04,2045.150635,45.2233417,0.393884242,2673.73291,51.70815129,0.214812219,192,0.004162627,0.212387061,7.45E-05,4,mean,relu,FALSE,TRUE,8,1
32,4,4/29/2025 20:04,2051.709961,45.29580511,0.391940296,2675.301514,51.72331692,0.214351594,160,0.003874253,0.207497754,7.54E-05,4,mean,relu,FALSE,TRUE,8,1
33,97,4/29/2025 20:04,2145.920166,46.32407761,0.364019454,2677.057617,51.74029008,0.213835835,192,0.003000624,0.180863181,7.32E-05,3,mean,relu,FALSE,TRUE,8,1
34,147,4/29/2025 20:04,2142.273926,46.2847051,0.365100086,2677.874268,51.7481813,0.213595986,192,0.003442645,0.20172236,6.19E-05,3,mean,relu,FALSE,TRUE,8,1
35,125,4/29/2025 20:04,2112.202881,45.95870843,0.374012172,2678.325684,51.75254277,0.213463426,192,0.004430321,0.206588365,8.49E-05,3,mean,relu,FALSE,TRUE,8,1
36,292,4/29/2025 20:04,2049.377441,45.27005016,0.392631531,2681.404053,51.78227547,0.212559462,192,0.003343344,0.162086468,1.97E-05,3,mean,relu,FALSE,TRUE,8,1
37,163,4/29/2025 20:04,2172.465332,46.60971285,0.356152296,2682.929199,51.79699991,0.212111592,128,0.005482413,0.173485053,2.33E-05,4,mean,relu,FALSE,TRUE,6,1
38,62,4/29/2025 20:04,2093.630371,45.75620582,0.379516482,2684.854004,51.81557685,0.211546302,192,0.004373287,0.163739022,7.66E-05,3,mean,relu,FALSE,TRUE,8,1
39,227,4/29/2025 20:04,2026.94751,45.0216338,0.399279058,2687.10791,51.8373216,0.210884392,192,0.004355584,0.17431082,5.74E-05,3,mean,relu,FALSE,TRUE,8,1
40,260,4/29/2025 20:04,2210.06958,47.01137713,0.345007658,2687.524658,51.84134121,0.210762024,192,0.004604611,0.217515112,4.79E-05,3,mean,relu,FALSE,TRUE,6,1
41,278,4/29/2025 20:04,2050.953125,45.28744997,0.392164588,2688.506348,51.85080855,0.210473716,192,0.003972433,0.15617709,7.06E-05,3,mean,relu,FALSE,TRUE,8,1
42,89,4/29/2025 20:04,2024.120483,44.99022653,0.400116861,2688.676514,51.85244945,0.210423708,192,0.005148303,0.168841266,8.99E-05,4,mean,relu,FALSE,TRUE,8,1
43,241,4/29/2025 20:04,2150.52002,46.37369965,0.362656176,2693.566895,51.89958472,0.208987594,192,0.003451174,0.171587259,1.94E-05,3,mean,relu,FALSE,TRUE,6,1
44,198,4/29/2025 20:04,2079.966309,45.60664764,0.383566022,2695.18042,51.91512708,0.208513796,192,0.003641319,0.17095456,7.13E-05,3,mean,relu,FALSE,TRUE,8,1
45,61,4/29/2025 20:04,2048.652344,45.26204087,0.392846465,2699.826416,51.95985389,0.207149446,192,0.004232116,0.151923646,5.89E-05,3,mean,relu,FALSE,TRUE,8,1
46,108,4/29/2025 20:04,2107.463379,45.90711687,0.375416815,2700.151855,51.96298544,0.20705384,192,0.004208287,0.156594478,6.27E-05,3,mean,relu,FALSE,TRUE,8,1
47,18,4/29/2025 20:04,2069.509766,45.49186483,0.386664987,2700.720459,51.96845638,0.206886888,192,0.002969304,0.163520507,6.14E-05,3,mean,relu,FALSE,TRUE,8,1
48,113,4/29/2025 20:04,2133.010986,46.18453189,0.367845297,2701.019531,51.97133375,0.206798971,192,0.003713782,0.174980139,6.11E-05,3,mean,relu,FALSE,TRUE,6,1
49,178,4/29/2025 20:04,2072.566895,45.52545326,0.385758936,2704.455566,52.00438026,0.205789983,192,0.003669823,0.152846714,5.28E-05,3,mean,relu,FALSE,TRUE,8,1
50,72,4/29/2025 20:04,2055.070068,45.33288065,0.390944481,2705.570068,52.01509462,0.205462694,192,0.004931576,0.170749214,6.12E-05,3,mean,relu,FALSE,TRUE,8,1
51,48,4/29/2025 20:04,2176.80249,46.65621599,0.354866982,2706.377197,52.02285264,0.205225646,192,0.003244717,0.16590584,7.30E-05,3,mean,relu,FALSE,TRUE,6,1
52,73,4/29/2025 20:04,2062.763184,45.41765278,0.388664484,2707.642578,52.035013,0.204854071,192,0.004545526,0.160946101,6.68E-05,3,mean,relu,FALSE,TRUE,8,1
53,64,4/29/2025 20:04,2116.096924,46.00105351,0.372858107,2708.349854,52.04180871,0.204646349,192,0.004489666,0.164446211,6.11E-05,3,mean,relu,FALSE,TRUE,8,1
54,88,4/29/2025 20:04,2005.533081,44.78317855,0.405625582,2709.184326,52.04982542,0.204401314,192,0.00375013,0.161013834,8.69E-05,3,mean,relu,FALSE,TRUE,8,1
55,250,4/29/2025 20:04,2066.302246,45.45659739,0.387615621,2709.270508,52.05065329,0.204375982,192,0.003624895,0.16780274,2.29E-05,3,mean,relu,FALSE,TRUE,4,1
56,90,4/29/2025 20:04,2026.771362,45.0196775,0.399331272,2709.433594,52.05221987,0.20432806,192,0.004420691,0.157588189,8.14E-05,3,mean,relu,FALSE,TRUE,8,1
57,65,4/29/2025 20:04,2052.662598,45.30631962,0.391657948,2715.485596,52.11032139,0.202550828,192,0.003989464,0.150193231,9.16E-05,3,mean,relu,FALSE,TRUE,8,1
58,268,4/29/2025 20:04,2109.088135,45.92480958,0.374935269,2716.287598,52.11801606,0.202315331,192,0.004505326,0.158614847,7.02E-05,3,mean,relu,FALSE,TRUE,8,1
59,19,4/29/2025 20:04,2208.466309,46.99432209,0.345482826,2717.496826,52.12961563,0.201960206,128,0.002510828,0.212372097,2.70E-05,4,mean,relu,FALSE,TRUE,4,1
60,67,4/29/2025 20:04,2080.385986,45.61124846,0.383441627,2718.167969,52.13605249,0.201763034,192,0.004140019,0.157813762,6.62E-05,3,mean,relu,FALSE,TRUE,8,1
61,47,4/29/2025 20:04,2186.010986,46.7547964,0.352137804,2718.345215,52.1377523,0.201711059,192,0.004152084,0.177686016,6.52E-05,3,mean,relu,FALSE,TRUE,8,1
62,141,4/29/2025 20:04,2135.007324,46.20613946,0.367253661,2719.21875,52.14612881,0.201454461,192,0.003899569,0.176469942,2.69E-05,3,mean,relu,FALSE,TRUE,6,1
63,75,4/29/2025 20:04,2014.490601,44.883077,0.40297085,2723.176514,52.18406379,0.20029223,192,0.004489586,0.156353373,8.17E-05,3,mean,relu,FALSE,TRUE,8,1
64,193,4/29/2025 20:04,2107.350342,45.9058857,0.375450313,2731.505371,52.26380556,0.197846353,192,0.003998142,0.175237078,5.50E-05,3,mean,relu,FALSE,TRUE,8,1
65,46,4/29/2025 20:04,2098.855957,45.81327272,0.377967715,2733.516113,52.28303849,0.19725585,192,0.003868007,0.159353107,8.54E-05,3,mean,relu,FALSE,TRUE,6,1
66,24,4/29/2025 20:04,2164.703125,46.52637021,0.358452797,2734.865723,52.29594365,0.196859479,192,0.003153632,0.184798192,3.22E-05,5,mean,relu,FALSE,TRUE,6,1
67,26,4/29/2025 20:04,2144.53125,46.30908388,0.364431083,2741.29834,52.3574096,0.194970429,192,0.003445407,0.161500307,1.67E-05,3,mean,relu,FALSE,TRUE,6,1
68,130,4/29/2025 20:04,2036.458008,45.12713162,0.396460474,2741.907959,52.36323098,0.194791436,192,0.00412563,0.154667178,4.88E-05,3,mean,relu,FALSE,TRUE,8,1
69,45,4/29/2025 20:04,2167.967773,46.56144084,0.357485294,2745.293945,52.39555272,0.193797052,192,0.00373139,0.174394522,5.79E-05,3,mean,relu,FALSE,TRUE,8,1
70,20,4/29/2025 20:04,2138.532959,46.24427488,0.366208792,2746.122803,52.40346174,0.193553627,192,0.004069632,0.232083687,7.93E-05,3,mean,relu,FALSE,TRUE,8,1
71,10,4/29/2025 20:04,2056.852051,45.35253081,0.390416384,2748.827393,52.42926084,0.192759395,192,0.003249153,0.152865547,4.64E-05,3,mean,relu,FALSE,TRUE,8,1
72,110,4/29/2025 20:04,2091.61377,45.73416414,0.380114138,2752.993896,52.46898033,0.19153589,192,0.003561482,0.158838563,6.75E-05,3,mean,relu,FALSE,TRUE,6,1
73,22,4/29/2025 20:04,2133.652832,46.19148008,0.367655098,2756.654541,52.50385263,0.190460861,192,0.003487707,0.182123366,4.14E-05,4,mean,relu,FALSE,TRUE,6,1
74,23,4/29/2025 20:04,2075.684326,45.55967873,0.384835064,2759.500244,52.53094559,0.189625144,192,0.00465672,0.162986741,5.60E-05,3,mean,relu,FALSE,TRUE,6,1
75,132,4/29/2025 20:04,2220.382568,47.12093556,0.341951191,2762.381104,52.55835903,0.188779116,192,0.003696671,0.186361537,5.30E-05,5,mean,relu,FALSE,TRUE,6,1
76,21,4/29/2025 20:04,2149.410889,46.36173949,0.362984955,2763.242676,52.56655473,0.188526094,192,0.00356336,0.190535645,4.50E-05,4,mean,relu,FALSE,TRUE,6,1
77,13,4/29/2025 20:04,2114.095215,45.97929115,0.373451352,2763.983887,52.57360447,0.188308477,192,0.002502646,0.17429222,3.60E-05,5,mean,relu,FALSE,TRUE,6,1
78,191,4/29/2025 20:04,2237.132813,47.29833837,0.336987019,2770.599365,52.63648321,0.186365724,192,0.004304917,0.171519911,6.08E-05,3,mean,relu,FALSE,TRUE,8,2
79,211,4/29/2025 20:04,2260.422363,47.54389933,0.330084741,2772.38916,52.65348194,0.18584013,192,0.004272245,0.170709941,7.67E-05,4,mean,relu,FALSE,TRUE,8,2
80,25,4/29/2025 20:04,2120.254395,46.0462202,0.3716259,2773.790527,52.66678771,0.18542856,192,0.003760418,0.197804696,6.35E-05,4,mean,relu,FALSE,TRUE,6,1
81,139,4/29/2025 20:04,2283.196777,47.78280839,0.323335111,2774.319092,52.67180547,0.185273349,192,0.004333683,0.212492861,4.56E-05,3,mean,relu,FALSE,TRUE,6,2
82,233,4/29/2025 20:04,2225.282959,47.17290492,0.340498865,2774.588623,52.674364,0.185194135,192,0.003680061,0.22009587,2.61E-05,4,mean,relu,FALSE,TRUE,6,1
83,177,4/29/2025 20:04,2309.707764,48.05941909,0.315478146,2775.372559,52.68180482,0.184964001,192,0.0034616,0.169872934,1.12E-05,3,mean,relu,FALSE,TRUE,4,2
84,8,4/29/2025 20:04,2252.867432,47.46438066,0.332323849,2777.534912,52.70232359,0.184328914,128,0.002822591,0.15288251,1.18E-05,3,mean,relu,FALSE,TRUE,8,1
85,2,4/29/2025 20:04,2244.901855,47.38039527,0.334684491,2779.03125,52.71651781,0.183889568,160,0.005160807,0.202842867,9.19E-05,5,mean,relu,FALSE,TRUE,4,1
86,27,4/29/2025 20:04,2094.64209,45.76726002,0.379216611,2781.259033,52.73764342,0.183235347,192,0.003949597,0.199408499,8.21E-05,3,mean,relu,FALSE,TRUE,6,1
87,287,4/29/2025 20:04,2213.770996,47.0507279,0.343910694,2787.960205,52.80113829,0.181267381,192,0.004282706,0.167401449,2.31E-05,3,mean,relu,FALSE,TRUE,8,2
88,52,4/29/2025 20:04,2240.62207,47.33520963,0.335952938,2793.749512,52.85593166,0.179567277,192,0.003694295,0.171026094,5.32E-05,3,mean,relu,FALSE,TRUE,6,1
89,11,4/29/2025 20:04,2178.646484,46.67597331,0.354320407,2796.890381,52.88563492,0.178644896,192,0.003306538,0.221790616,5.03E-05,3,mean,relu,FALSE,TRUE,6,1
90,249,4/29/2025 20:04,2139.038818,46.24974398,0.366058886,2798.047363,52.89657232,0.178305149,192,0.003650408,0.170378695,6.85E-05,3,mean,relu,FALSE,TRUE,6,1
91,9,4/29/2025 20:04,2127.648926,46.12644497,0.369434476,2801.123779,52.92564387,0.177401721,192,0.004269428,0.232296842,1.22E-05,6,mean,relu,FALSE,TRUE,6,1
92,204,4/29/2025 20:04,2363.23584,48.61312415,0.299614191,2813.218506,53.03978229,0.173849881,192,0.003862324,0.18477866,8.15E-05,3,mean,relu,FALSE,TRUE,6,2
93,12,4/29/2025 20:04,2239.406982,47.32237296,0.336313009,2814.945801,53.05606281,0.173342586,192,0.003292424,0.218972371,5.39E-05,3,mean,relu,FALSE,TRUE,8,1
94,271,4/29/2025 20:04,2369.655762,48.67911012,0.297711551,2817.440674,53.07956927,0.172609925,192,0.004412372,0.163415539,8.50E-05,3,mean,relu,FALSE,TRUE,8,2
95,148,4/29/2025 20:04,2301.017822,47.96892559,0.318053603,2821.070801,53.11375341,0.171543896,192,0.004038084,0.167595158,7.42E-05,5,mean,relu,FALSE,TRUE,6,2
96,124,4/29/2025 20:04,2470.238525,49.7014942,0.267902136,2821.126709,53.11427971,0.171527505,192,0.003607385,0.173843197,5.98E-05,3,mean,relu,FALSE,TRUE,6,2
97,183,4/29/2025 20:04,2449.179688,49.48918758,0.274143279,2823.857666,53.1399818,0.170725465,192,0.003831133,0.18302725,5.67E-05,3,mean,relu,FALSE,TRUE,6,2
98,0,4/29/2025 20:04,2255.455322,47.49163423,0.331556857,2826.869385,53.16831185,0.169841051,160,0.004185584,0.191555247,1.37E-05,4,mean,relu,FALSE,TRUE,4,1
99,229,4/29/2025 20:04,2426.891113,49.26348661,0.280748844,2829.365234,53.19177788,0.169108093,192,0.003709718,0.162420895,2.44E-05,3,mean,relu,FALSE,TRUE,6,2
100,277,4/29/2025 20:04,2457.741699,49.57561597,0.27160579,2831.073975,53.20783753,0.168606281,192,0.003012317,0.166958128,6.36E-05,3,mean,relu,FALSE,TRUE,8,2
101,14,4/29/2025 20:04,2250.793945,47.44253308,0.332938313,2833.454346,53.23020144,0.167907238,192,0.003549889,0.174533159,7.30E-05,3,mean,relu,FALSE,TRUE,8,1
102,199,4/29/2025 20:04,2467.690674,49.67585605,0.268657207,2833.768555,53.23315278,0.16781497,160,0.003772916,0.179077395,6.25E-05,3,mean,relu,FALSE,TRUE,6,2
103,180,4/29/2025 20:04,2415.744141,49.15022015,0.284052491,2837.707031,53.27013264,0.166658401,192,0.004552022,0.179777935,1.59E-05,3,mean,relu,FALSE,TRUE,8,2
104,42,4/29/2025 20:04,2529.930664,50.29841612,0.250211298,2841.164795,53.30257775,0.165642977,160,0.002839542,0.187356515,2.22E-05,3,mean,relu,FALSE,TRUE,6,2
105,255,4/29/2025 20:04,2428.075684,49.27550795,0.280397773,2842.797119,53.31788742,0.165163577,192,0.004706694,0.180182531,6.37E-05,3,mean,relu,FALSE,TRUE,6,2
106,105,4/29/2025 20:04,2486.453857,49.86435458,0.263096392,2842.884277,53.31870476,0.165138006,192,0.0033696,0.165098855,4.66E-05,3,mean,relu,FALSE,TRUE,6,2
107,84,4/29/2025 20:04,2424.256348,49.23673778,0.281529725,2843.585693,53.32528193,0.164932013,192,0.003671346,0.167521954,3.84E-05,3,mean,relu,FALSE,TRUE,6,2
108,60,4/29/2025 20:04,2173.481934,46.62061704,0.355851054,2845.259033,53.34096956,0.164440632,192,0.004864098,0.155491722,8.75E-05,3,mean,relu,FALSE,TRUE,8,1
109,295,4/29/2025 20:04,2396.453613,48.95358632,0.28976959,2846.208984,53.34987333,0.164161623,192,0.004456043,0.172903027,5.29E-05,3,mean,relu,FALSE,TRUE,4,2
110,153,4/29/2025 20:04,2485.05542,49.85033019,0.263510823,2848.645508,53.37270377,0.163446128,192,0.003566119,0.175971425,6.37E-05,3,mean,relu,FALSE,TRUE,8,2
111,190,4/29/2025 20:04,2400.775146,48.99770552,0.288488746,2849.911621,53.38456351,0.163074255,192,0.004209167,0.168442824,6.43E-05,3,mean,relu,FALSE,TRUE,8,2
112,157,4/29/2025 20:04,2503.42627,50.03425096,0.258066356,2851.671875,53.40104751,0.162557364,192,0.003795466,0.18015749,5.15E-05,3,mean,relu,FALSE,TRUE,6,2
113,107,4/29/2025 20:04,2502.974365,50.02973481,0.258200288,2853.073975,53.41417391,0.162145615,160,0.003148009,0.168326215,5.39E-05,3,mean,relu,FALSE,TRUE,6,2
114,282,4/29/2025 20:04,2447.654785,49.47377876,0.274595141,2867.440674,53.548489,0.157926559,192,0.004186945,0.165896941,5.98E-05,3,mean,relu,FALSE,TRUE,8,2
115,226,4/29/2025 20:04,2461.837646,49.61690888,0.270391822,2868.680664,53.56006595,0.157562435,192,0.003410035,0.167957577,5.00E-05,3,mean,relu,FALSE,TRUE,6,2
116,197,4/29/2025 20:04,2412.372559,49.11590942,0.285051703,2868.891602,53.56203508,0.157500505,192,0.004354058,0.173023081,6.50E-05,3,mean,relu,FALSE,TRUE,6,2
117,169,4/29/2025 20:04,2582.01416,50.8135234,0.234775484,2868.924316,53.56234047,0.157490909,192,0.00355504,0.163633403,1.23E-05,3,mean,relu,FALSE,TRUE,6,2
118,155,4/29/2025 20:04,2474.005127,49.739372,0.2667858,2872.091797,53.59190048,0.156560719,192,0.003915128,0.165105225,7.05E-05,3,mean,relu,FALSE,TRUE,6,2
119,83,4/29/2025 20:04,2518.065186,50.18032668,0.253727853,2872.30835,53.59392083,0.156497061,192,0.004562373,0.181952284,6.87E-05,3,mean,relu,FALSE,TRUE,4,2
120,171,4/29/2025 20:04,2567.024658,50.66581351,0.239217818,2873.283691,53.60301942,0.156210661,192,0.003616585,0.177121917,1.72E-05,3,mean,relu,FALSE,TRUE,6,2
121,175,4/29/2025 20:04,2532.052734,50.3195065,0.24958241,2874.262451,53.61214835,0.155923307,192,0.00311331,0.174828811,1.36E-05,3,mean,relu,FALSE,TRUE,6,2
122,276,4/29/2025 20:04,2473.390137,49.73318949,0.266968071,2876.174805,53.62998047,0.155361712,192,0.003725299,0.160374724,3.02E-05,3,mean,relu,FALSE,TRUE,8,2
123,112,4/29/2025 20:04,2554.303955,50.54012223,0.242987871,2876.2854,53.63101155,0.155329168,192,0.003636491,0.172787566,5.84E-05,3,mean,relu,FALSE,TRUE,6,2
124,283,4/29/2025 20:04,2561.085693,50.60717037,0.240977943,2876.662109,53.63452348,0.155218542,192,0.003827543,0.169366646,2.14E-05,3,mean,relu,FALSE,TRUE,8,2
125,152,4/29/2025 20:04,2548.146973,50.47917365,0.244812608,2876.72876,53.63514482,0.155198991,192,0.003618274,0.170297689,5.68E-05,3,mean,relu,FALSE,TRUE,8,2
126,215,4/29/2025 20:04,2471.380615,49.71298236,0.267563641,2877.772949,53.64487813,0.154892325,192,0.003583198,0.177590687,8.00E-05,4,mean,relu,FALSE,TRUE,8,2
127,236,4/29/2025 20:04,2226.836426,47.18936772,0.340038538,2878.957764,53.65592012,0.154544413,192,0.00353553,0.18905852,2.19E-05,4,mean,relu,FALSE,TRUE,6,1
128,195,4/29/2025 20:04,2535.043457,50.34921506,0.248696029,2882.197754,53.68610392,0.153592944,192,0.003182111,0.169136626,5.90E-05,3,mean,relu,FALSE,TRUE,6,2
129,15,4/29/2025 20:04,2272.753418,47.67340368,0.326430261,2883.169189,53.69515052,0.153307676,192,0.004528877,0.245973372,6.44E-05,3,mean,relu,FALSE,TRUE,6,1
130,122,4/29/2025 20:04,2536.408691,50.36277089,0.248291433,2885.05249,53.71268463,0.152754605,192,0.003853532,0.17159138,5.52E-05,3,mean,relu,FALSE,TRUE,6,2
131,154,4/29/2025 20:04,2542.424072,50.42245603,0.246508658,2889.099365,53.75034293,0.151566148,192,0.004257757,0.172094117,5.43E-05,3,mean,relu,FALSE,TRUE,8,2
132,133,4/29/2025 20:04,2488.347168,49.88333557,0.262535274,2894.251709,53.79825006,0.150053084,192,0.003766617,0.190021609,6.03E-05,4,mean,relu,FALSE,TRUE,6,2
133,185,4/29/2025 20:04,2564.120361,50.63714409,0.240078628,2895.228027,53.80732318,0.149766326,192,0.004406128,0.185062099,6.31E-05,3,mean,relu,FALSE,TRUE,6,2
134,293,4/29/2025 20:04,2596.174805,50.9526722,0.230578661,2895.815918,53.81278582,0.149593711,192,0.003718495,0.170804723,5.77E-05,3,mean,relu,FALSE,TRUE,6,2
135,223,4/29/2025 20:04,2509.845703,50.09836028,0.256163836,2899.052002,53.84284541,0.148643374,192,0.00347721,0.194212844,3.44E-05,3,mean,relu,FALSE,TRUE,6,2
136,74,4/29/2025 20:04,2520.345703,50.20304476,0.253051937,2899.366699,53.8457677,0.148550987,192,0.004686,0.166461795,5.05E-05,3,mean,relu,FALSE,TRUE,8,2
137,137,4/29/2025 20:04,2628.153076,51.26551547,0.221101403,2900.854004,53.85957671,0.148114204,192,0.003213294,0.171372226,5.07E-05,3,mean,relu,FALSE,TRUE,6,2
138,104,4/29/2025 20:04,2481.318115,49.81283083,0.264618516,2903.196289,53.8813167,0.147426367,192,0.003236084,0.172798708,6.41E-05,5,mean,relu,FALSE,TRUE,8,2
139,92,4/29/2025 20:04,2524.425781,50.24366409,0.251842797,2903.951904,53.88832809,0.147204459,192,0.003435135,0.175406322,9.72E-05,3,mean,relu,FALSE,TRUE,6,2
140,57,4/29/2025 20:04,2586.679932,50.8594134,0.233392656,2908.180908,53.9275524,0.145962536,192,0.003230859,0.175464282,5.21E-05,3,mean,relu,FALSE,TRUE,6,2
141,246,4/29/2025 20:04,2551.463379,50.51201222,0.243829727,2909.776611,53.94234525,0.145493865,192,0.00374698,0.190758973,5.51E-05,3,mean,relu,FALSE,TRUE,6,2
142,262,4/29/2025 20:04,2595.852783,50.9495121,0.230674148,2909.971436,53.94415108,0.145436704,192,0.003545408,0.178075265,6.13E-05,3,mean,relu,FALSE,TRUE,6,2
143,77,4/29/2025 20:04,2612.225098,51.1099315,0.225821972,2909.990967,53.94433211,0.145430923,160,0.004027802,0.16286123,7.16E-05,3,mean,relu,FALSE,TRUE,4,2
144,103,4/29/2025 20:04,2635.612305,51.33821486,0.218890667,2910.711914,53.95101402,0.145219207,192,0.003514739,0.17047489,5.07E-05,3,mean,relu,FALSE,TRUE,4,2
145,243,4/29/2025 20:04,2621.602783,51.20158966,0.223042667,2913.311035,53.97509643,0.144455969,192,0.003538459,0.174424059,6.09E-05,3,mean,relu,FALSE,TRUE,6,2
146,196,4/29/2025 20:04,2632.320801,51.30614779,0.219866216,2913.472168,53.97658907,0.144408703,192,0.003587089,0.18062681,4.99E-05,3,mean,relu,FALSE,TRUE,8,2
147,121,4/29/2025 20:04,2573.09375,50.72567151,0.237419128,2914.649414,53.98749313,0.144062877,192,0.003669828,0.16949541,5.72E-05,3,mean,relu,FALSE,TRUE,6,2
148,176,4/29/2025 20:04,2622.338379,51.20877248,0.222824693,2915.131592,53.99195858,0.143921316,192,0.003396742,0.182015787,3.72E-05,3,mean,relu,FALSE,TRUE,6,2
149,78,4/29/2025 20:04,2520.702393,50.2065971,0.252946258,2915.818359,53.99831812,0.143719673,192,0.004255776,0.169720525,6.24E-05,3,mean,relu,FALSE,TRUE,8,2
150,111,4/29/2025 20:04,2634.054688,51.32304246,0.219352365,2918.738525,54.02535077,0.142862082,192,0.003798768,0.17598701,5.63E-05,3,mean,relu,FALSE,TRUE,6,2
151,264,4/29/2025 20:04,2689.715332,51.86246554,0.202856302,2921.408691,54.05005727,0.142077923,192,0.003656524,0.181663837,6.52E-05,3,mean,relu,FALSE,TRUE,8,2
152,179,4/29/2025 20:04,2703.810791,51.99818065,0.198678911,2921.931396,54.05489244,0.141924441,192,0.003529441,0.173113076,4.79E-05,3,mean,relu,FALSE,TRUE,6,2
153,174,4/29/2025 20:04,2673.765381,51.70846527,0.207583427,2923.424561,54.06870223,0.141485989,192,0.003326448,0.171540334,2.07E-05,3,mean,relu,FALSE,TRUE,6,2
154,256,4/29/2025 20:04,2675.875977,51.72886986,0.206957877,2926.337402,54.09563201,0.140630543,192,0.003454324,0.173660764,1.77E-05,3,mean,relu,FALSE,TRUE,8,2
155,5,4/29/2025 20:04,2366.69458,48.64868529,0.29858917,2927.12085,54.10287284,0.140400529,160,0.005035391,0.171135282,9.64E-05,4,mean,relu,FALSE,TRUE,6,1
156,143,4/29/2025 20:04,2685.421143,51.82104922,0.20412904,2927.623047,54.10751377,0.140253007,192,0.003718771,0.173037866,5.33E-05,3,mean,relu,FALSE,TRUE,6,2
157,254,4/29/2025 20:04,2673.87793,51.70955356,0.207550049,2928.161377,54.11248818,0.140094936,192,0.003695446,0.214062122,5.25E-05,3,mean,relu,FALSE,TRUE,8,2
158,257,4/29/2025 20:04,2703.890869,51.99895065,0.198655248,2928.60791,54.11661399,0.139963746,192,0.003204259,0.171887313,5.85E-05,3,mean,relu,FALSE,TRUE,6,2
159,128,4/29/2025 20:04,2685.180176,51.81872418,0.204200387,2929.044922,54.12065153,0.139835417,192,0.003486096,0.177115404,6.34E-05,3,mean,relu,FALSE,TRUE,6,2
160,238,4/29/2025 20:04,2682.389893,51.79179368,0.205027342,2929.313477,54.12313255,0.13975656,192,0.003634166,0.200902292,1.55E-05,3,mean,relu,FALSE,TRUE,6,2
161,192,4/29/2025 20:04,2697.304932,51.93558444,0.200607002,2929.661865,54.12635093,0.139654279,192,0.004144319,0.223702018,6.80E-05,3,mean,relu,FALSE,TRUE,8,2
162,160,4/29/2025 20:04,2687.419678,51.84032868,0.203536689,2929.751709,54.12718087,0.139627874,192,0.003429306,0.185435919,6.68E-05,3,mean,relu,FALSE,TRUE,8,2
163,56,4/29/2025 20:04,2612.893799,51.11647287,0.225623786,2930.682129,54.13577495,0.139354646,192,0.003509762,0.154348643,6.58E-05,3,mean,relu,FALSE,TRUE,6,2
164,136,4/29/2025 20:04,2711.168701,52.06888419,0.196498275,2931.166016,54.14024396,0.139212549,192,0.003604995,0.174303821,5.58E-05,3,mean,relu,FALSE,TRUE,8,2
165,298,4/29/2025 20:04,2675.596924,51.72617252,0.207040608,2931.386719,54.14228217,0.139147699,192,0.003787435,0.179448656,6.28E-05,3,mean,relu,FALSE,TRUE,8,2
166,135,4/29/2025 20:04,2688.355225,51.84935125,0.203259468,2932.884521,54.1561125,0.138707876,192,0.004621633,0.192628572,3.89E-05,3,mean,relu,FALSE,TRUE,6,2
167,269,4/29/2025 20:04,2699.364746,51.95541113,0.199996591,2933.619629,54.16289901,0.138491988,192,0.004540386,0.159807809,7.32E-05,3,mean,relu,FALSE,TRUE,8,2
168,274,4/29/2025 20:04,2608.806396,51.07647596,0.226835132,2934.137939,54.16768353,0.138339758,192,0.00429818,0.16559173,8.00E-05,3,mean,relu,FALSE,TRUE,8,2
169,297,4/29/2025 20:04,2695.743896,51.9205537,0.201069713,2934.906006,54.17477278,0.138114274,192,0.003550306,0.164316628,5.91E-05,3,mean,relu,FALSE,TRUE,6,2
170,51,4/29/2025 20:04,2699.889404,51.96046001,0.199841082,2936.301514,54.18765093,0.137704372,192,0.003590757,0.177787986,4.11E-05,3,mean,relu,FALSE,TRUE,6,2
171,96,4/29/2025 20:04,2734.450439,52.29197299,0.189598322,2938.283936,54.20594004,0.137122273,160,0.003053477,0.152494956,7.91E-05,3,mean,relu,FALSE,TRUE,8,2
172,184,4/29/2025 20:04,2669.947021,51.67153009,0.208715022,2939.068848,54.21317965,0.136891723,192,0.003755608,0.166017139,6.02E-05,3,mean,relu,FALSE,TRUE,6,2
173,100,4/29/2025 20:04,2668.917236,51.6615644,0.209020257,2939.31958,54.21549207,0.136818111,192,0.004304261,0.188721162,1.46E-05,3,mean,relu,FALSE,TRUE,8,2
174,53,4/29/2025 20:04,2726.337646,52.2143433,0.192002714,2941.063477,54.23157269,0.136305928,192,0.003597252,0.166915877,3.56E-05,3,mean,relu,FALSE,TRUE,6,2
175,81,4/29/2025 20:04,2714.559326,52.10143305,0.1954934,2941.83667,54.23870085,0.136078954,192,0.0038074,0.176609653,5.79E-05,3,mean,relu,FALSE,TRUE,8,2
176,296,4/29/2025 20:04,2682.707764,51.79486233,0.204933167,2943.272705,54.25193734,0.135657251,160,0.004381367,0.167592996,1.66E-05,3,mean,relu,FALSE,TRUE,8,2
177,166,4/29/2025 20:04,2735.80249,52.30489929,0.189197659,2943.789795,54.25670276,0.135505378,192,0.002894084,0.209625189,7.88E-05,3,mean,relu,FALSE,TRUE,8,2
178,37,4/29/2025 20:04,2736.728271,52.3137484,0.188923299,2944.752441,54.26557326,0.135222614,160,0.003384118,0.168300569,8.52E-05,3,mean,relu,FALSE,TRUE,4,2
179,281,4/29/2025 20:04,2703.749756,51.99759375,0.198697031,2945.520996,54.27265422,0.134996951,192,0.003677781,0.168671583,5.13E-05,3,mean,relu,FALSE,TRUE,8,2
180,222,4/29/2025 20:04,2727.20752,52.22267247,0.191744924,2950.900879,54.32219509,0.13341707,192,0.003298812,0.151810116,6.34E-05,3,mean,relu,FALSE,TRUE,6,2
181,101,4/29/2025 20:04,2726.397705,52.21491841,0.191984951,2951.077148,54.32381751,0.133365273,192,0.003109543,0.184617659,8.28E-05,3,mean,relu,FALSE,TRUE,6,2
182,200,4/29/2025 20:04,2698.53418,51.94741745,0.200242758,2951.553955,54.32820589,0.133225262,192,0.004240876,0.200335036,5.70E-05,3,mean,relu,FALSE,TRUE,8,2
183,285,4/29/2025 20:04,2597.600342,50.96665912,0.230156243,2952.331055,54.33535732,0.132997036,192,0.005360787,0.171946734,2.45E-05,3,mean,relu,FALSE,TRUE,8,2
184,34,4/29/2025 20:04,2544.457031,50.44261127,0.245906234,2955.955566,54.36870025,0.131932616,128,0.005468776,0.214850056,9.50E-05,4,mean,relu,FALSE,TRUE,6,1
185,235,4/29/2025 20:04,2725.487061,52.20619753,0.192254841,2956.188965,54.37084664,0.13186413,192,0.003608244,0.213823493,2.11E-05,4,mean,relu,FALSE,TRUE,6,2
186,286,4/29/2025 20:04,2543.628418,50.43439717,0.246151745,2957.055908,54.37881856,0.131609559,192,0.004069648,0.153029488,6.88E-05,5,mean,relu,FALSE,TRUE,6,2
187,217,4/29/2025 20:04,2761.602783,52.55095416,0.181551278,2957.341797,54.38144718,0.131525576,192,0.003921305,0.212283516,5.20E-05,3,mean,relu,FALSE,TRUE,8,2
188,280,4/29/2025 20:04,2773.779297,52.66668109,0.177942574,2957.906738,54.38664117,0.131359637,192,0.003604041,0.157524778,5.56E-05,3,mean,relu,FALSE,TRUE,8,2
189,270,4/29/2025 20:04,2763.820313,52.57204878,0.180894017,2959.384521,54.40022538,0.130925655,192,0.004424978,0.161741457,6.73E-05,3,mean,relu,FALSE,TRUE,8,2
190,170,4/29/2025 20:04,2805.176514,52.96391709,0.168637395,2960.133057,54.40710484,0.130705833,192,0.003498982,0.169232276,1.28E-05,3,mean,relu,FALSE,TRUE,8,2
191,290,4/29/2025 20:04,2763.931641,52.57310758,0.180861056,2961.433594,54.41905543,0.130323946,192,0.003877586,0.177151959,6.59E-05,3,mean,relu,FALSE,TRUE,8,2
192,194,4/29/2025 20:04,2764.274658,52.57636977,0.18075937,2961.509277,54.4197508,0.130301714,192,0.004179624,0.164207304,7.53E-05,3,mean,relu,FALSE,TRUE,8,2
193,261,4/29/2025 20:04,2769.855469,52.62941638,0.179105461,2961.840576,54.42279464,0.13020438,192,0.003848024,0.210949703,5.43E-05,3,mean,relu,FALSE,TRUE,8,2
194,214,4/29/2025 20:04,2707.82666,52.0367818,0.197488785,2963.211914,54.43539211,0.129801691,192,0.004483943,0.155170508,6.73E-05,4,mean,relu,FALSE,TRUE,8,2
195,258,4/29/2025 20:04,2764.474854,52.57827359,0.180700064,2964.447754,54.44674236,0.129438818,192,0.003060733,0.208221933,2.65E-05,3,mean,relu,FALSE,TRUE,6,2
196,123,4/29/2025 20:04,2777.983643,52.70658064,0.176696539,2964.544678,54.44763243,0.129410326,192,0.003761446,0.165290367,6.52E-05,3,mean,relu,FALSE,TRUE,6,2
197,93,4/29/2025 20:04,2710.133301,52.05894064,0.19680512,2964.757568,54.4495874,0.129347861,192,0.003889562,0.165789507,5.97E-05,3,mean,relu,FALSE,TRUE,8,2
198,187,4/29/2025 20:04,2783.240479,52.75642595,0.175138593,2964.819092,54.45015236,0.129329741,192,0.003679249,0.218581655,4.08E-05,3,mean,relu,FALSE,TRUE,8,2
199,205,4/29/2025 20:04,2797.010742,52.88677285,0.171057522,2964.910156,54.45098857,0.129302979,192,0.003460161,0.182707167,1.86E-05,3,mean,relu,FALSE,TRUE,6,2
200,106,4/29/2025 20:04,2751.242432,52.45228719,0.184621751,2965.196533,54.45361818,0.129218936,192,0.004627238,0.162307169,7.48E-05,3,mean,relu,FALSE,TRUE,8,2
201,252,4/29/2025 20:04,2785.380615,52.77670523,0.17450434,2966.18042,54.46265161,0.128929973,192,0.003492848,0.164322604,6.07E-05,3,mean,relu,FALSE,TRUE,6,2
202,253,4/29/2025 20:04,2753.990967,52.47848099,0.183807135,2966.274414,54.46351452,0.128902376,192,0.003755582,0.170025233,4.53E-05,3,mean,relu,FALSE,TRUE,6,2
203,202,4/29/2025 20:04,2776.821045,52.69555052,0.177041054,2967.096924,54.47106501,0.128660858,192,0.00256975,0.16612519,2.34E-05,4,mean,relu,FALSE,TRUE,6,2
204,181,4/29/2025 20:04,2791.007568,52.8299874,0.172836602,2967.658447,54.4762191,0.128495872,160,0.003591301,0.188420775,1.89E-05,3,mean,relu,FALSE,TRUE,6,2
205,273,4/29/2025 20:04,2777.754639,52.70440815,0.176764369,2968.717773,54.48594106,0.128184795,192,0.003769675,0.16139335,9.03E-05,3,mean,relu,FALSE,TRUE,8,2
206,272,4/29/2025 20:04,2788.805664,52.80914375,0.173489213,2969.598877,54.49402607,0.127926052,160,0.004345166,0.164498249,1.37E-05,3,mean,relu,FALSE,TRUE,8,2
207,279,4/29/2025 20:04,2739.516113,52.34038702,0.188097,2969.703613,54.49498705,0.127895355,192,0.004432822,0.163068644,7.74E-05,3,mean,relu,FALSE,TRUE,4,2
208,221,4/29/2025 20:04,2776.023193,52.68797959,0.177277505,2969.950684,54.49725391,0.127822757,192,0.003522182,0.212575783,5.48E-05,3,mean,relu,FALSE,TRUE,6,2
209,145,4/29/2025 20:04,2789.03125,52.81127957,0.173422396,2970.115479,54.49876584,0.127774358,192,0.003033168,0.174505367,5.49E-05,3,mean,relu,FALSE,TRUE,6,2
210,259,4/29/2025 20:04,2790.036621,52.82079724,0.173124373,2970.203613,54.49957443,0.127748489,160,0.003381582,0.167145886,8.30E-05,3,mean,relu,FALSE,TRUE,8,2
211,134,4/29/2025 20:04,2775.572998,52.68370714,0.17741096,2970.641113,54.50358808,0.127619982,192,0.004011924,0.169985632,4.21E-05,3,mean,relu,FALSE,TRUE,6,2
212,142,4/29/2025 20:04,2797.486816,52.89127354,0.170916438,2970.953125,54.50645031,0.127528369,192,0.003829804,0.161921573,5.15E-05,3,mean,relu,FALSE,TRUE,6,2
213,220,4/29/2025 20:04,2786.171875,52.784201,0.174269795,2971.086914,54.50767757,0.12748903,192,0.003353644,0.196851151,6.00E-05,3,mean,relu,FALSE,TRUE,6,2
214,159,4/29/2025 20:04,2791.919189,52.83861457,0.172566473,2971.168457,54.50842556,0.127465129,192,0.00370689,0.150050101,5.93E-05,3,mean,relu,FALSE,TRUE,6,2
215,29,4/29/2025 20:04,2735.578613,52.30275914,0.18926394,2971.901367,54.51514805,0.127249897,128,0.004368535,0.183174694,2.78E-05,4,mean,relu,FALSE,TRUE,4,2
216,203,4/29/2025 20:04,2769.351563,52.62462886,0.17925477,2972.583496,54.52140402,0.127049565,192,0.004084815,0.192724341,3.28E-05,3,mean,relu,FALSE,TRUE,6,2
217,85,4/29/2025 20:04,2757.066406,52.50777472,0.18289572,2972.812256,54.52350187,0.126982391,160,0.004787254,0.172668564,5.64E-05,3,mean,relu,FALSE,TRUE,8,2
218,173,4/29/2025 20:04,2767.19165,52.60410298,0.179894924,2972.873047,54.52405934,0.126964569,192,0.003730055,0.18902662,1.46E-05,3,mean,relu,FALSE,TRUE,6,2
219,39,4/29/2025 20:04,2790.356934,52.82382922,0.173029482,2973.790527,54.53247223,0.126695096,160,0.002906649,0.15071453,7.10E-05,3,mean,relu,FALSE,TRUE,6,2
220,288,4/29/2025 20:04,2795.893311,52.87620741,0.171388686,2973.951904,54.53395185,0.12664777,192,0.003554408,0.214443989,5.55E-05,3,mean,relu,FALSE,TRUE,6,2
221,251,4/29/2025 20:04,2772.799805,52.65738129,0.178232849,2974.101563,54.53532399,0.126603782,192,0.003583506,0.176002005,6.56E-05,3,mean,relu,FALSE,TRUE,6,2
222,224,4/29/2025 20:04,2795.242432,52.87005231,0.171581626,2974.570068,54.53961925,0.126466215,192,0.002953481,0.186140509,5.85E-05,3,mean,relu,FALSE,TRUE,6,2
223,186,4/29/2025 20:04,2762.15918,52.55624777,0.181386411,2975.054199,54.54405741,0.126323998,192,0.004103874,0.177141172,5.30E-05,3,mean,relu,FALSE,TRUE,6,2
224,213,4/29/2025 20:04,2771.092041,52.64116299,0.178738952,2975.209961,54.54548525,0.126278281,192,0.004033026,0.209547877,7.17E-05,3,mean,relu,FALSE,TRUE,8,2
225,117,4/29/2025 20:04,2795.973877,52.87696925,0.171364844,2976.10376,54.55367778,0.126015842,192,0.003478805,0.225431506,4.39E-05,3,mean,relu,FALSE,TRUE,6,2
226,225,4/29/2025 20:04,2772.472168,52.65427018,0.178329885,2976.29126,54.55539625,0.125960767,192,0.003571618,0.198286182,6.16E-05,3,mean,relu,FALSE,TRUE,8,2
227,210,4/29/2025 20:04,2800.888184,52.9234181,0.169908345,2976.406738,54.5564546,0.125926793,160,0.003073676,0.173143844,5.95E-05,3,mean,relu,FALSE,TRUE,8,2
228,265,4/29/2025 20:04,2784.108887,52.76465566,0.17488116,2976.816895,54.56021348,0.125806332,192,0.003505713,0.169627809,1.01E-05,3,mean,relu,FALSE,TRUE,6,2
229,146,4/29/2025 20:04,2792.510986,52.84421431,0.172391117,2976.844238,54.56046406,0.125798345,160,0.004471822,0.232895366,4.75E-05,3,mean,relu,FALSE,TRUE,4,2
230,289,4/29/2025 20:04,2776.294678,52.69055587,0.177197099,2977.64917,54.56784007,0.125561953,192,0.003630358,0.175242468,6.21E-05,3,mean,relu,FALSE,TRUE,6,2
231,239,4/29/2025 20:04,2768.037598,52.61214306,0.179644227,2978.895996,54.57926343,0.125195861,192,0.003810689,0.165735002,2.82E-05,3,mean,relu,FALSE,TRUE,6,2
232,91,4/29/2025 20:04,2782.472412,52.74914608,0.175366163,2978.962891,54.57987624,0.125176191,192,0.003623541,0.16367157,7.08E-05,3,mean,relu,FALSE,TRUE,8,2
233,151,4/29/2025 20:04,2791.916504,52.83858916,0.172567308,2979.365234,54.58356194,0.125057995,192,0.003657936,0.178708255,4.99E-05,3,mean,relu,FALSE,TRUE,8,2
234,54,4/29/2025 20:04,2764.602295,52.5794855,0.180662274,2980.030273,54.58965354,0.124862731,192,0.003822336,0.195786376,4.48E-05,3,mean,relu,FALSE,TRUE,6,2
235,219,4/29/2025 20:04,2806.635986,52.97769329,0.168204844,2980.075439,54.59006722,0.124849439,192,0.003415028,0.196050689,5.65E-05,3,mean,relu,FALSE,TRUE,6,2
236,209,4/29/2025 20:04,2744.288818,52.38596013,0.186682582,2980.371094,54.59277511,0.124762595,192,0.003510188,0.18823612,2.51E-05,4,mean,relu,FALSE,TRUE,6,2
237,144,4/29/2025 20:04,2770.6604,52.63706299,0.178866863,2980.900146,54.59762034,0.124607265,192,0.003964154,0.178447198,8.95E-05,3,mean,relu,FALSE,TRUE,6,2
238,94,4/29/2025 20:04,2788.872803,52.80977942,0.173469305,2981.583496,54.60387803,0.124406517,192,0.004082468,0.247931497,6.54E-05,3,mean,relu,FALSE,TRUE,6,2
239,115,4/29/2025 20:04,2802.963867,52.94302473,0.169293165,2981.645996,54.60445033,0.124388278,192,0.00342993,0.184108346,4.92E-05,3,mean,relu,FALSE,TRUE,6,2
240,140,4/29/2025 20:04,2812.439453,53.03243774,0.166484952,2981.783936,54.6057134,0.124347746,128,0.003358252,0.167794939,6.67E-05,3,mean,relu,FALSE,TRUE,8,2
241,50,4/29/2025 20:04,2785.189941,52.77489878,0.174560785,2984.000244,54.62600337,0.123696864,192,0.003112801,0.171634982,5.88E-05,3,mean,relu,FALSE,TRUE,8,2
242,212,4/29/2025 20:04,2759.628662,52.53216788,0.182136357,2984.144287,54.6273218,0.123654604,192,0.004138153,0.217921874,8.70E-05,4,mean,relu,FALSE,TRUE,8,2
243,242,4/29/2025 20:04,2776.056885,52.68829932,0.177267551,2984.193604,54.62777319,0.12364006,192,0.003492409,0.169383926,3.13E-05,3,mean,relu,FALSE,TRUE,6,2
244,120,4/29/2025 20:04,2793.415283,52.85276987,0.172123075,2984.364258,54.62933514,0.123589933,192,0.003281733,0.202418005,7.21E-05,3,mean,relu,FALSE,TRUE,4,2
245,68,4/29/2025 20:04,2782.070557,52.74533682,0.175485253,2984.400391,54.62966585,0.123579323,192,0.003883731,0.236844265,4.87E-05,3,mean,relu,FALSE,TRUE,8,2
246,70,4/29/2025 20:04,2791.737549,52.83689572,0.172620296,2984.749268,54.63285886,0.123476863,160,0.004317753,0.203867349,7.70E-05,3,mean,relu,FALSE,TRUE,8,2
247,299,4/29/2025 20:04,2761.55249,52.55047564,0.181566179,2984.811035,54.63342416,0.123458743,192,0.003677193,0.168973573,7.76E-05,3,mean,relu,FALSE,TRUE,6,2
248,55,4/29/2025 20:04,2754.022949,52.47878571,0.183797657,2985.77832,54.64227594,0.123174667,192,0.003383128,0.187239714,7.68E-05,5,mean,relu,FALSE,TRUE,6,2
249,206,4/29/2025 20:04,2785.096924,52.77401751,0.174588382,2986.674561,54.65047631,0.122911513,192,0.003703146,0.19068202,3.08E-05,3,mean,relu,FALSE,TRUE,4,2
250,127,4/29/2025 20:04,2780.809326,52.73337962,0.175859094,2986.86792,54.65224533,0.12285471,192,0.00338726,0.221119492,7.74E-05,3,mean,relu,FALSE,TRUE,8,2
251,207,4/29/2025 20:04,2803.686035,52.94984452,0.169079185,2986.931641,54.65282829,0.122835994,192,0.003254309,0.168384014,5.41E-05,3,mean,relu,FALSE,TRUE,6,2
252,232,4/29/2025 20:04,2758.626709,52.52263045,0.182433307,2987.820801,54.66096231,0.122574866,192,0.003641284,0.211813975,5.66E-05,4,mean,relu,FALSE,TRUE,6,2
253,38,4/29/2025 20:04,2819.482178,53.09879639,0.164397657,2989.110596,54.67275917,0.122196138,160,0.003182207,0.17950147,9.96E-05,3,mean,relu,FALSE,TRUE,8,2
254,86,4/29/2025 20:04,2816.134766,53.06726642,0.165389776,2989.440186,54.6757733,0.12209928,128,0.003324088,0.153383543,6.25E-05,3,mean,relu,FALSE,TRUE,6,2
255,172,4/29/2025 20:04,2802.824707,52.94171047,0.169334471,2989.566162,54.67692532,0.122062325,192,0.003562578,0.167039503,1.12E-05,3,mean,relu,FALSE,TRUE,6,2
256,156,4/29/2025 20:04,2745.470215,52.3972348,0.186332464,2989.763672,54.67873144,0.12200433,192,0.003651301,0.205928721,6.12E-05,4,mean,relu,FALSE,TRUE,8,2
257,237,4/29/2025 20:04,2784.315186,52.76661052,0.174820006,2990.013672,54.68101747,0.121930897,160,0.002712504,0.204808537,2.21E-05,4,mean,relu,FALSE,TRUE,6,2
258,230,4/29/2025 20:04,2807.914551,52.98975892,0.167825997,2990.162354,54.68237699,0.121887267,128,0.003793319,0.150077954,5.30E-05,3,mean,relu,FALSE,TRUE,6,2
259,164,4/29/2025 20:04,2829.032471,53.18864983,0.16156733,2990.457275,54.68507361,0.121800601,128,0.00277792,0.191326207,2.04E-05,3,mean,relu,FALSE,TRUE,6,2
260,150,4/29/2025 20:04,2794.714355,52.86505798,0.171738088,2990.462402,54.68512048,0.121799111,192,0.003514342,0.181578325,5.82E-05,3,mean,relu,FALSE,TRUE,8,2
261,245,4/29/2025 20:04,2785.200195,52.77499593,0.174557805,2991.394043,54.69363805,0.121525586,192,0.003137151,0.184132696,6.28E-05,3,mean,relu,FALSE,TRUE,6,2
262,244,4/29/2025 20:04,2800.003906,52.91506313,0.170170426,2991.927002,54.69851005,0.121369004,192,0.003574251,0.172228615,6.57E-05,3,mean,relu,FALSE,TRUE,6,2
263,109,4/29/2025 20:04,2798.097656,52.89704771,0.170735359,2992.25708,54.70152722,0.121272087,192,0.002937362,0.178689508,7.96E-05,3,mean,relu,FALSE,TRUE,8,2
264,294,4/29/2025 20:04,2791.472168,52.83438433,0.172698915,2992.716797,54.7057291,0.121137142,192,0.003485809,0.210539232,1.50E-05,3,mean,relu,FALSE,TRUE,6,2
265,275,4/29/2025 20:04,2804.575439,52.95824241,0.168815553,2992.905273,54.70745172,0.12108171,192,0.003110235,0.229087002,6.02E-05,3,mean,relu,FALSE,TRUE,8,2
266,116,4/29/2025 20:04,2801.790527,52.93194241,0.169640958,2993.082031,54.70906718,0.121029854,192,0.00328741,0.195220522,5.33E-05,3,mean,relu,FALSE,TRUE,8,2
267,284,4/29/2025 20:04,2797.165527,52.88823619,0.171011627,2993.704834,54.71475883,0.120846927,160,0.003420322,0.164300458,7.33E-05,3,mean,relu,FALSE,TRUE,8,2
268,99,4/29/2025 20:04,2795.996094,52.87717933,0.171358228,2994.222412,54.71948841,0.120694935,192,0.002908188,0.215835769,6.87E-05,3,mean,relu,FALSE,TRUE,8,2
269,28,4/29/2025 20:04,2788.61084,52.80729912,0.17354697,2994.279053,54.72000596,0.120678306,160,0.002764945,0.208879073,3.96E-05,4,mean,relu,FALSE,TRUE,8,2
270,138,4/29/2025 20:04,2810.634033,53.01541317,0.167020023,2995.686523,54.73286511,0.120265007,192,0.003144418,0.216638952,5.84E-05,3,mean,relu,FALSE,TRUE,8,2
271,131,4/29/2025 20:04,2765.509277,52.58810966,0.180393517,2995.885986,54.73468723,0.120206356,192,0.003542073,0.182532877,4.31E-05,4,mean,relu,FALSE,TRUE,6,2
272,63,4/29/2025 20:04,2770.744141,52.63785844,0.178842127,2996.745361,54.74253704,0.11995405,192,0.004068805,0.160273829,6.93E-05,3,mean,relu,FALSE,TRUE,8,2
273,98,4/29/2025 20:04,2852.549561,53.40926474,0.15459764,2997.196289,54.74665551,0.119821608,128,0.00317986,0.178032974,9.39E-05,3,mean,relu,FALSE,TRUE,8,2
274,201,4/29/2025 20:04,2841.520996,53.30591896,0.15786612,2997.693604,54.75119728,0.119675517,128,0.003530408,0.18689764,1.66E-05,3,mean,relu,FALSE,TRUE,6,2
275,79,4/29/2025 20:04,2798.465576,52.90052529,0.170626342,2998.847656,54.76173533,0.119336665,192,0.002996215,0.20811481,4.42E-05,3,mean,relu,FALSE,TRUE,8,2
276,126,4/29/2025 20:04,2783.362549,52.75758286,0.175102353,2999.612305,54.76871648,0.119112134,192,0.003939233,0.198315579,3.35E-05,3,mean,relu,FALSE,TRUE,6,2
277,49,4/29/2025 20:04,2796.357178,52.88059358,0.171251237,3000.969482,54.78110516,0.118713558,192,0.003435145,0.154980143,4.83E-05,3,mean,relu,FALSE,TRUE,4,2
278,158,4/29/2025 20:04,2806.32666,52.97477381,0.168296576,3001.489258,54.78584907,0.11856091,160,0.003484494,0.160239979,8.35E-05,3,mean,relu,FALSE,TRUE,8,2
279,162,4/29/2025 20:04,2813.042725,53.0381252,0.166306198,3001.65625,54.78737309,0.118511915,128,0.002579911,0.183701494,5.59E-05,4,mean,relu,FALSE,TRUE,6,2
280,208,4/29/2025 20:04,2828.409912,53.18279714,0.161751807,3002.277588,54.79304324,0.118329406,128,0.003636221,0.17574751,1.98E-05,3,mean,relu,FALSE,TRUE,8,2
281,66,4/29/2025 20:04,2794.152832,52.8597468,0.171904445,3002.427734,54.79441335,0.118285298,160,0.004726228,0.225937874,5.53E-05,3,mean,relu,FALSE,TRUE,8,2
282,119,4/29/2025 20:04,2839.004639,53.28231075,0.158611894,3003.313477,54.80249517,0.118025184,128,0.00355715,0.151424095,4.68E-05,3,mean,relu,FALSE,TRUE,6,2
283,76,4/29/2025 20:04,2820.828613,53.11147346,0.163998723,3004.603271,54.81426157,0.117646456,192,0.004382704,0.179799476,5.52E-05,6,mean,relu,FALSE,TRUE,8,2
284,165,4/29/2025 20:04,2802.671875,52.94026705,0.169379711,3005.270996,54.82035202,0.117450356,128,0.002705669,0.1869112,2.94E-05,5,mean,relu,FALSE,TRUE,6,2
285,36,4/29/2025 20:04,2828.835693,53.18679999,0.161625624,3005.704346,54.82430433,0.117323101,160,0.003085109,0.158255246,6.91E-05,3,mean,relu,FALSE,TRUE,6,2
286,31,4/29/2025 20:04,2831.864746,53.21526798,0.160727918,3009.257568,54.85670031,0.116279602,128,0.002720305,0.192939045,2.33E-05,4,mean,relu,FALSE,TRUE,6,2
287,188,4/29/2025 20:04,2823.113037,53.13297504,0.163321614,3009.404785,54.85804212,0.116236329,192,0.003010592,0.243188673,5.77E-05,3,mean,relu,FALSE,TRUE,6,2
288,216,4/29/2025 20:04,2786.927246,52.79135579,0.17404592,3011.982178,54.88152857,0.115479469,192,0.004215924,0.215653643,7.49E-05,4,mean,relu,FALSE,TRUE,6,2
289,291,4/29/2025 20:04,2813.057129,53.03826099,0.166301847,3012.030273,54.88196674,0.115465343,192,0.003175809,0.203586077,4.96E-05,3,mean,relu,FALSE,TRUE,6,2
290,16,4/29/2025 20:04,2363.940674,48.62037303,0.299405277,3012.164063,54.88318561,0.115426064,192,0.003036186,0.220094288,3.59E-05,5,mean,relu,FALSE,TRUE,8,1
291,32,4/29/2025 20:04,2829.601074,53.19399472,0.161398768,3015.310059,54.91183897,0.114502251,128,0.002965249,0.191910314,1.82E-05,4,mean,relu,FALSE,TRUE,6,2
292,41,4/29/2025 20:04,2823.956543,53.14091214,0.163071692,3020.861816,54.96236727,0.112871826,128,0.00332548,0.169040722,4.74E-05,4,mean,relu,FALSE,TRUE,6,2
293,6,4/29/2025 20:04,2764.994629,52.58321623,0.180546045,3024.42627,54.99478402,0.111825109,128,0.003810536,0.241242827,2.06E-05,6,mean,relu,FALSE,TRUE,4,1
294,33,4/29/2025 20:04,2853.216309,53.41550626,0.154400051,3024.683838,54.99712572,0.111749411,128,0.00264559,0.204061588,2.94E-05,4,mean,relu,FALSE,TRUE,6,2
295,118,4/29/2025 20:04,2848.112305,53.36770845,0.155912638,3025.617188,55.00561051,0.111475348,160,0.002839497,0.167047266,5.11E-05,3,mean,relu,FALSE,TRUE,8,2
296,161,4/29/2025 20:04,2856.610107,53.44726473,0.153394222,3047.10376,55.20057753,0.105165422,128,0.002502953,0.195295805,2.51E-05,4,mean,relu,FALSE,TRUE,6,2
297,129,4/29/2025 20:04,2821.760742,53.12024795,0.163722456,3061.483398,55.33067322,0.100942612,160,0.003072893,0.180328419,6.95E-05,6,mean,relu,FALSE,TRUE,8,2
298,40,4/29/2025 20:04,2827.720947,53.17631942,0.161956012,3062.689453,55.34157075,0.100588441,160,0.003965709,0.158199523,1.03E-05,6,mean,relu,FALSE,TRUE,6,2
299,30,4/29/2025 20:04,2808.275635,52.99316593,0.167719007,3067.018066,55.3806651,0.099317253,160,0.003652562,0.225765202,5.34E-05,5,mean,relu,FALSE,TRUE,4,2
300,234,4/29/2025 20:04,2940.435059,54.22577854,0.128551185,3164.495605,56.25384969,0.070691288,192,0.003732269,0.215680446,2.83E-05,6,mean,relu,FALSE,TRUE,6,2
